Model,class,precision,recall,f1_score,support
model1125,0,0.98,0.93,0.95,367
model1125,1,0.28,0.41,0.33,27
model1125,2,0.56,0.65,0.6,123
model1125,3,0.33,0.28,0.3,29
model1125,4,0.1,0.08,0.09,25
model1126,0,0.98,0.93,0.95,367
model1126,1,0.28,0.41,0.33,27
model1126,2,0.53,0.5,0.52,123
model1126,3,0.26,0.45,0.33,29
model1126,4,0.1,0.08,0.09,25
model1127,0,0.98,0.93,0.95,367
model1127,1,0.28,0.41,0.33,27
model1127,2,0.54,0.65,0.59,123
model1127,3,0.35,0.21,0.26,29
model1127,4,0.1,0.08,0.09,25
model1128,0,0.98,0.93,0.95,367
model1128,1,0.28,0.41,0.33,27
model1128,2,0.6,0.47,0.53,123
model1128,3,0.23,0.55,0.32,29
model1128,4,0.1,0.08,0.09,25
model1129,0,0.98,0.93,0.95,367
model1129,1,0.28,0.41,0.33,27
model1129,2,0.57,0.58,0.57,123
model1129,3,0.19,0.28,0.23,29
model1129,4,0.1,0.08,0.09,25
model1135,0,0.98,0.93,0.95,367
model1135,1,0.28,0.41,0.33,27
model1135,2,0.59,0.68,0.63,123
model1135,3,0.25,0.24,0.25,29
model1135,4,0.44,0.28,0.34,25
model1136,0,0.98,0.93,0.95,367
model1136,1,0.28,0.41,0.33,27
model1136,2,0.57,0.55,0.56,123
model1136,3,0.24,0.41,0.3,29
model1136,4,0.44,0.28,0.34,25
model1137,0,0.98,0.93,0.95,367
model1137,1,0.28,0.41,0.33,27
model1137,2,0.56,0.71,0.63,123
model1137,3,0.31,0.17,0.22,29
model1137,4,0.44,0.28,0.34,25
model1138,0,0.98,0.93,0.95,367
model1138,1,0.28,0.41,0.33,27
model1138,2,0.63,0.51,0.57,123
model1138,3,0.21,0.52,0.3,29
model1138,4,0.44,0.28,0.34,25
model1139,0,0.98,0.93,0.95,367
model1139,1,0.28,0.41,0.33,27
model1139,2,0.6,0.63,0.61,123
model1139,3,0.17,0.24,0.2,29
model1139,4,0.44,0.28,0.34,25
model1145,0,0.98,0.93,0.95,367
model1145,1,0.28,0.41,0.33,27
model1145,2,0.58,0.63,0.6,123
model1145,3,0.26,0.24,0.25,29
model1145,4,0.25,0.24,0.24,25
model1146,0,0.98,0.93,0.95,367
model1146,1,0.28,0.41,0.33,27
model1146,2,0.55,0.52,0.54,123
model1146,3,0.26,0.41,0.32,29
model1146,4,0.25,0.24,0.24,25
model1147,0,0.98,0.93,0.95,367
model1147,1,0.28,0.41,0.33,27
model1147,2,0.55,0.66,0.6,123
model1147,3,0.33,0.17,0.23,29
model1147,4,0.25,0.24,0.24,25
model1148,0,0.98,0.93,0.95,367
model1148,1,0.28,0.41,0.33,27
model1148,2,0.62,0.47,0.53,123
model1148,3,0.22,0.52,0.31,29
model1148,4,0.25,0.24,0.24,25
model1149,0,0.98,0.93,0.95,367
model1149,1,0.28,0.41,0.33,27
model1149,2,0.6,0.59,0.59,123
model1149,3,0.17,0.24,0.2,29
model1149,4,0.25,0.24,0.24,25
model1155,0,0.98,0.93,0.95,367
model1155,1,0.28,0.41,0.33,27
model1155,2,0.6,0.65,0.62,123
model1155,3,0.26,0.24,0.25,29
model1155,4,0.32,0.32,0.32,25
model1156,0,0.98,0.93,0.95,367
model1156,1,0.28,0.41,0.33,27
model1156,2,0.57,0.54,0.55,123
model1156,3,0.26,0.41,0.32,29
model1156,4,0.32,0.32,0.32,25
model1157,0,0.98,0.93,0.95,367
model1157,1,0.28,0.41,0.33,27
model1157,2,0.57,0.67,0.61,123
model1157,3,0.31,0.17,0.22,29
model1157,4,0.32,0.32,0.32,25
model1158,0,0.98,0.93,0.95,367
model1158,1,0.28,0.41,0.33,27
model1158,2,0.64,0.49,0.55,123
model1158,3,0.22,0.52,0.31,29
model1158,4,0.32,0.32,0.32,25
model1159,0,0.98,0.93,0.95,367
model1159,1,0.28,0.41,0.33,27
model1159,2,0.61,0.59,0.6,123
model1159,3,0.16,0.24,0.19,29
model1159,4,0.32,0.32,0.32,25
model1225,0,0.98,0.93,0.95,367
model1225,1,0.32,0.44,0.38,27
model1225,2,0.56,0.66,0.6,123
model1225,3,0.33,0.28,0.3,29
model1225,4,0.11,0.08,0.09,25
model1226,0,0.98,0.93,0.95,367
model1226,1,0.32,0.44,0.38,27
model1226,2,0.52,0.5,0.51,123
model1226,3,0.25,0.45,0.32,29
model1226,4,0.11,0.08,0.09,25
model1227,0,0.98,0.93,0.95,367
model1227,1,0.32,0.44,0.38,27
model1227,2,0.53,0.66,0.59,123
model1227,3,0.35,0.21,0.26,29
model1227,4,0.11,0.08,0.09,25
model1228,0,0.98,0.93,0.95,367
model1228,1,0.32,0.44,0.38,27
model1228,2,0.59,0.47,0.52,123
model1228,3,0.23,0.55,0.32,29
model1228,4,0.11,0.08,0.09,25
model1229,0,0.98,0.93,0.95,367
model1229,1,0.32,0.44,0.38,27
model1229,2,0.57,0.6,0.59,123
model1229,3,0.2,0.28,0.23,29
model1229,4,0.11,0.08,0.09,25
model1235,0,0.98,0.93,0.95,367
model1235,1,0.32,0.44,0.38,27
model1235,2,0.57,0.68,0.62,123
model1235,3,0.27,0.24,0.25,29
model1235,4,0.47,0.28,0.35,25
model1236,0,0.98,0.93,0.95,367
model1236,1,0.32,0.44,0.38,27
model1236,2,0.54,0.54,0.54,123
model1236,3,0.24,0.41,0.3,29
model1236,4,0.47,0.28,0.35,25
model1237,0,0.98,0.93,0.95,367
model1237,1,0.32,0.44,0.38,27
model1237,2,0.55,0.7,0.61,123
model1237,3,0.31,0.17,0.22,29
model1237,4,0.47,0.28,0.35,25
model1238,0,0.98,0.93,0.95,367
model1238,1,0.32,0.44,0.38,27
model1238,2,0.6,0.5,0.55,123
model1238,3,0.23,0.55,0.32,29
model1238,4,0.47,0.28,0.35,25
model1239,0,0.98,0.93,0.95,367
model1239,1,0.32,0.44,0.38,27
model1239,2,0.59,0.64,0.61,123
model1239,3,0.21,0.28,0.24,29
model1239,4,0.47,0.28,0.35,25
model1245,0,0.98,0.93,0.95,367
model1245,1,0.32,0.44,0.38,27
model1245,2,0.55,0.62,0.58,123
model1245,3,0.27,0.24,0.25,29
model1245,4,0.24,0.24,0.24,25
model1246,0,0.98,0.93,0.95,367
model1246,1,0.32,0.44,0.38,27
model1246,2,0.52,0.49,0.5,123
model1246,3,0.26,0.41,0.32,29
model1246,4,0.24,0.24,0.24,25
model1247,0,0.98,0.93,0.95,367
model1247,1,0.32,0.44,0.38,27
model1247,2,0.53,0.63,0.58,123
model1247,3,0.33,0.17,0.23,29
model1247,4,0.24,0.24,0.24,25
model1248,0,0.98,0.93,0.95,367
model1248,1,0.32,0.44,0.38,27
model1248,2,0.59,0.46,0.51,123
model1248,3,0.24,0.55,0.33,29
model1248,4,0.24,0.24,0.24,25
model1249,0,0.98,0.93,0.95,367
model1249,1,0.32,0.44,0.38,27
model1249,2,0.58,0.59,0.58,123
model1249,3,0.21,0.28,0.24,29
model1249,4,0.24,0.24,0.24,25
model1255,0,0.98,0.93,0.95,367
model1255,1,0.32,0.44,0.38,27
model1255,2,0.58,0.65,0.61,123
model1255,3,0.28,0.24,0.26,29
model1255,4,0.33,0.32,0.33,25
model1256,0,0.98,0.93,0.95,367
model1256,1,0.32,0.44,0.38,27
model1256,2,0.54,0.52,0.53,123
model1256,3,0.26,0.41,0.32,29
model1256,4,0.33,0.32,0.33,25
model1257,0,0.98,0.93,0.95,367
model1257,1,0.32,0.44,0.38,27
model1257,2,0.55,0.66,0.6,123
model1257,3,0.31,0.17,0.22,29
model1257,4,0.33,0.32,0.33,25
model1258,0,0.98,0.93,0.95,367
model1258,1,0.32,0.44,0.38,27
model1258,2,0.61,0.48,0.54,123
model1258,3,0.24,0.55,0.33,29
model1258,4,0.33,0.32,0.33,25
model1259,0,0.98,0.93,0.95,367
model1259,1,0.32,0.44,0.38,27
model1259,2,0.6,0.6,0.6,123
model1259,3,0.2,0.28,0.23,29
model1259,4,0.33,0.32,0.33,25
model1325,0,0.98,0.93,0.95,367
model1325,1,0.37,0.41,0.39,27
model1325,2,0.56,0.69,0.62,123
model1325,3,0.32,0.28,0.3,29
model1325,4,0.11,0.08,0.09,25
model1326,0,0.98,0.93,0.95,367
model1326,1,0.37,0.41,0.39,27
model1326,2,0.53,0.54,0.53,123
model1326,3,0.25,0.45,0.32,29
model1326,4,0.11,0.08,0.09,25
model1327,0,0.98,0.93,0.95,367
model1327,1,0.37,0.41,0.39,27
model1327,2,0.54,0.7,0.61,123
model1327,3,0.35,0.21,0.26,29
model1327,4,0.11,0.08,0.09,25
model1328,0,0.98,0.93,0.95,367
model1328,1,0.37,0.41,0.39,27
model1328,2,0.59,0.49,0.53,123
model1328,3,0.22,0.55,0.31,29
model1328,4,0.11,0.08,0.09,25
model1329,0,0.98,0.93,0.95,367
model1329,1,0.37,0.41,0.39,27
model1329,2,0.57,0.62,0.59,123
model1329,3,0.19,0.28,0.22,29
model1329,4,0.11,0.08,0.09,25
model1335,0,0.98,0.93,0.95,367
model1335,1,0.37,0.41,0.39,27
model1335,2,0.59,0.71,0.64,123
model1335,3,0.26,0.24,0.25,29
model1335,4,0.35,0.28,0.31,25
model1336,0,0.98,0.93,0.95,367
model1336,1,0.37,0.41,0.39,27
model1336,2,0.56,0.56,0.56,123
model1336,3,0.23,0.41,0.3,29
model1336,4,0.35,0.28,0.31,25
model1337,0,0.98,0.93,0.95,367
model1337,1,0.37,0.41,0.39,27
model1337,2,0.57,0.73,0.64,123
model1337,3,0.31,0.17,0.22,29
model1337,4,0.35,0.28,0.31,25
model1338,0,0.98,0.93,0.95,367
model1338,1,0.37,0.41,0.39,27
model1338,2,0.61,0.51,0.56,123
model1338,3,0.21,0.52,0.3,29
model1338,4,0.35,0.28,0.31,25
model1339,0,0.98,0.93,0.95,367
model1339,1,0.37,0.41,0.39,27
model1339,2,0.6,0.65,0.62,123
model1339,3,0.17,0.24,0.2,29
model1339,4,0.35,0.28,0.31,25
model1345,0,0.98,0.93,0.95,367
model1345,1,0.37,0.41,0.39,27
model1345,2,0.58,0.67,0.62,123
model1345,3,0.26,0.24,0.25,29
model1345,4,0.25,0.24,0.24,25
model1346,0,0.98,0.93,0.95,367
model1346,1,0.37,0.41,0.39,27
model1346,2,0.54,0.54,0.54,123
model1346,3,0.25,0.41,0.31,29
model1346,4,0.25,0.24,0.24,25
model1347,0,0.98,0.93,0.95,367
model1347,1,0.37,0.41,0.39,27
model1347,2,0.55,0.7,0.62,123
model1347,3,0.33,0.17,0.23,29
model1347,4,0.25,0.24,0.24,25
model1348,0,0.98,0.93,0.95,367
model1348,1,0.37,0.41,0.39,27
model1348,2,0.6,0.48,0.53,123
model1348,3,0.21,0.52,0.3,29
model1348,4,0.25,0.24,0.24,25
model1349,0,0.98,0.93,0.95,367
model1349,1,0.37,0.41,0.39,27
model1349,2,0.59,0.62,0.6,123
model1349,3,0.17,0.24,0.2,29
model1349,4,0.25,0.24,0.24,25
model1355,0,0.98,0.93,0.95,367
model1355,1,0.37,0.41,0.39,27
model1355,2,0.59,0.69,0.64,123
model1355,3,0.27,0.24,0.25,29
model1355,4,0.31,0.32,0.31,25
model1356,0,0.98,0.93,0.95,367
model1356,1,0.37,0.41,0.39,27
model1356,2,0.57,0.56,0.56,123
model1356,3,0.26,0.41,0.32,29
model1356,4,0.31,0.32,0.31,25
model1357,0,0.98,0.93,0.95,367
model1357,1,0.37,0.41,0.39,27
model1357,2,0.57,0.71,0.63,123
model1357,3,0.31,0.17,0.22,29
model1357,4,0.31,0.32,0.31,25
model1358,0,0.98,0.93,0.95,367
model1358,1,0.37,0.41,0.39,27
model1358,2,0.62,0.5,0.55,123
model1358,3,0.21,0.52,0.3,29
model1358,4,0.31,0.32,0.31,25
model1359,0,0.98,0.93,0.95,367
model1359,1,0.37,0.41,0.39,27
model1359,2,0.6,0.62,0.61,123
model1359,3,0.16,0.24,0.19,29
model1359,4,0.31,0.32,0.31,25
model1425,0,0.98,0.93,0.95,367
model1425,1,0.36,0.33,0.35,27
model1425,2,0.57,0.72,0.64,123
model1425,3,0.32,0.28,0.3,29
model1425,4,0.1,0.08,0.09,25
model1426,0,0.98,0.93,0.95,367
model1426,1,0.36,0.33,0.35,27
model1426,2,0.54,0.55,0.55,123
model1426,3,0.25,0.45,0.32,29
model1426,4,0.1,0.08,0.09,25
model1427,0,0.98,0.93,0.95,367
model1427,1,0.36,0.33,0.35,27
model1427,2,0.55,0.72,0.62,123
model1427,3,0.35,0.21,0.26,29
model1427,4,0.1,0.08,0.09,25
model1428,0,0.98,0.93,0.95,367
model1428,1,0.36,0.33,0.35,27
model1428,2,0.6,0.5,0.55,123
model1428,3,0.21,0.55,0.31,29
model1428,4,0.1,0.08,0.09,25
model1429,0,0.98,0.93,0.95,367
model1429,1,0.36,0.33,0.35,27
model1429,2,0.57,0.63,0.6,123
model1429,3,0.18,0.28,0.22,29
model1429,4,0.1,0.08,0.09,25
model1435,0,0.98,0.93,0.95,367
model1435,1,0.36,0.33,0.35,27
model1435,2,0.59,0.72,0.65,123
model1435,3,0.25,0.24,0.25,29
model1435,4,0.35,0.28,0.31,25
model1436,0,0.98,0.93,0.95,367
model1436,1,0.36,0.33,0.35,27
model1436,2,0.56,0.57,0.56,123
model1436,3,0.22,0.41,0.29,29
model1436,4,0.35,0.28,0.31,25
model1437,0,0.98,0.93,0.95,367
model1437,1,0.36,0.33,0.35,27
model1437,2,0.56,0.75,0.64,123
model1437,3,0.31,0.17,0.22,29
model1437,4,0.35,0.28,0.31,25
model1438,0,0.98,0.93,0.95,367
model1438,1,0.36,0.33,0.35,27
model1438,2,0.61,0.52,0.56,123
model1438,3,0.21,0.55,0.31,29
model1438,4,0.35,0.28,0.31,25
model1439,0,0.98,0.93,0.95,367
model1439,1,0.36,0.33,0.35,27
model1439,2,0.59,0.65,0.62,123
model1439,3,0.18,0.28,0.22,29
model1439,4,0.35,0.28,0.31,25
model1445,0,0.98,0.93,0.95,367
model1445,1,0.36,0.33,0.35,27
model1445,2,0.57,0.69,0.63,123
model1445,3,0.26,0.24,0.25,29
model1445,4,0.24,0.24,0.24,25
model1446,0,0.98,0.93,0.95,367
model1446,1,0.36,0.33,0.35,27
model1446,2,0.54,0.55,0.55,123
model1446,3,0.24,0.41,0.31,29
model1446,4,0.24,0.24,0.24,25
model1447,0,0.98,0.93,0.95,367
model1447,1,0.36,0.33,0.35,27
model1447,2,0.55,0.72,0.62,123
model1447,3,0.33,0.17,0.23,29
model1447,4,0.24,0.24,0.24,25
model1448,0,0.98,0.93,0.95,367
model1448,1,0.36,0.33,0.35,27
model1448,2,0.59,0.49,0.54,123
model1448,3,0.22,0.55,0.31,29
model1448,4,0.24,0.24,0.24,25
model1449,0,0.98,0.93,0.95,367
model1449,1,0.36,0.33,0.35,27
model1449,2,0.58,0.62,0.6,123
model1449,3,0.18,0.28,0.22,29
model1449,4,0.24,0.24,0.24,25
model1455,0,0.98,0.93,0.95,367
model1455,1,0.36,0.33,0.35,27
model1455,2,0.6,0.72,0.65,123
model1455,3,0.26,0.24,0.25,29
model1455,4,0.33,0.32,0.33,25
model1456,0,0.98,0.93,0.95,367
model1456,1,0.36,0.33,0.35,27
model1456,2,0.57,0.59,0.58,123
model1456,3,0.24,0.41,0.31,29
model1456,4,0.33,0.32,0.33,25
model1457,0,0.98,0.93,0.95,367
model1457,1,0.36,0.33,0.35,27
model1457,2,0.57,0.74,0.64,123
model1457,3,0.31,0.17,0.22,29
model1457,4,0.33,0.32,0.33,25
model1458,0,0.98,0.93,0.95,367
model1458,1,0.36,0.33,0.35,27
model1458,2,0.62,0.52,0.57,123
model1458,3,0.22,0.55,0.31,29
model1458,4,0.33,0.32,0.33,25
model1459,0,0.98,0.93,0.95,367
model1459,1,0.36,0.33,0.35,27
model1459,2,0.6,0.63,0.62,123
model1459,3,0.17,0.28,0.21,29
model1459,4,0.33,0.32,0.33,25
model1525,0,0.98,0.93,0.95,367
model1525,1,0.18,0.37,0.24,27
model1525,2,0.58,0.61,0.6,123
model1525,3,0.29,0.21,0.24,29
model1525,4,0.05,0.04,0.05,25
model1526,0,0.98,0.93,0.95,367
model1526,1,0.18,0.37,0.24,27
model1526,2,0.55,0.46,0.5,123
model1526,3,0.22,0.38,0.28,29
model1526,4,0.05,0.04,0.05,25
model1527,0,0.98,0.93,0.95,367
model1527,1,0.18,0.37,0.24,27
model1527,2,0.56,0.61,0.58,123
model1527,3,0.4,0.21,0.27,29
model1527,4,0.05,0.04,0.05,25
model1528,0,0.98,0.93,0.95,367
model1528,1,0.18,0.37,0.24,27
model1528,2,0.61,0.44,0.51,123
model1528,3,0.2,0.41,0.27,29
model1528,4,0.05,0.04,0.05,25
model1529,0,0.98,0.93,0.95,367
model1529,1,0.18,0.37,0.24,27
model1529,2,0.61,0.55,0.58,123
model1529,3,0.21,0.28,0.24,29
model1529,4,0.05,0.04,0.05,25
model1535,0,0.98,0.93,0.95,367
model1535,1,0.18,0.37,0.24,27
model1535,2,0.61,0.64,0.62,123
model1535,3,0.21,0.17,0.19,29
model1535,4,0.4,0.24,0.3,25
model1536,0,0.98,0.93,0.95,367
model1536,1,0.18,0.37,0.24,27
model1536,2,0.59,0.5,0.54,123
model1536,3,0.2,0.34,0.25,29
model1536,4,0.4,0.24,0.3,25
model1537,0,0.98,0.93,0.95,367
model1537,1,0.18,0.37,0.24,27
model1537,2,0.58,0.66,0.62,123
model1537,3,0.36,0.17,0.23,29
model1537,4,0.4,0.24,0.3,25
model1538,0,0.98,0.93,0.95,367
model1538,1,0.18,0.37,0.24,27
model1538,2,0.62,0.47,0.54,123
model1538,3,0.18,0.38,0.24,29
model1538,4,0.4,0.24,0.3,25
model1539,0,0.98,0.93,0.95,367
model1539,1,0.18,0.37,0.24,27
model1539,2,0.63,0.59,0.61,123
model1539,3,0.18,0.24,0.21,29
model1539,4,0.4,0.24,0.3,25
model1545,0,0.98,0.93,0.95,367
model1545,1,0.18,0.37,0.24,27
model1545,2,0.59,0.6,0.6,123
model1545,3,0.22,0.17,0.19,29
model1545,4,0.24,0.2,0.22,25
model1546,0,0.98,0.93,0.95,367
model1546,1,0.18,0.37,0.24,27
model1546,2,0.56,0.47,0.51,123
model1546,3,0.22,0.34,0.27,29
model1546,4,0.24,0.2,0.22,25
model1547,0,0.98,0.93,0.95,367
model1547,1,0.18,0.37,0.24,27
model1547,2,0.56,0.62,0.59,123
model1547,3,0.38,0.17,0.24,29
model1547,4,0.24,0.2,0.22,25
model1548,0,0.98,0.93,0.95,367
model1548,1,0.18,0.37,0.24,27
model1548,2,0.6,0.44,0.51,123
model1548,3,0.19,0.38,0.25,29
model1548,4,0.24,0.2,0.22,25
model1549,0,0.98,0.93,0.95,367
model1549,1,0.18,0.37,0.24,27
model1549,2,0.63,0.56,0.59,123
model1549,3,0.18,0.24,0.21,29
model1549,4,0.24,0.2,0.22,25
model1555,0,0.98,0.93,0.95,367
model1555,1,0.18,0.37,0.24,27
model1555,2,0.61,0.61,0.61,123
model1555,3,0.22,0.17,0.19,29
model1555,4,0.29,0.28,0.29,25
model1556,0,0.98,0.93,0.95,367
model1556,1,0.18,0.37,0.24,27
model1556,2,0.59,0.48,0.53,123
model1556,3,0.22,0.34,0.27,29
model1556,4,0.29,0.28,0.29,25
model1557,0,0.98,0.93,0.95,367
model1557,1,0.18,0.37,0.24,27
model1557,2,0.58,0.62,0.6,123
model1557,3,0.36,0.17,0.23,29
model1557,4,0.29,0.28,0.29,25
model1558,0,0.98,0.93,0.95,367
model1558,1,0.18,0.37,0.24,27
model1558,2,0.62,0.45,0.52,123
model1558,3,0.19,0.38,0.26,29
model1558,4,0.29,0.28,0.29,25
model1559,0,0.98,0.93,0.95,367
model1559,1,0.18,0.37,0.24,27
model1559,2,0.65,0.55,0.6,123
model1559,3,0.17,0.24,0.2,29
model1559,4,0.29,0.28,0.29,25
model1625,0,0.98,0.93,0.95,367
model1625,1,0.24,0.48,0.32,27
model1625,2,0.57,0.6,0.58,123
model1625,3,0.29,0.21,0.24,29
model1625,4,0.05,0.04,0.05,25
model1626,0,0.98,0.93,0.95,367
model1626,1,0.24,0.48,0.32,27
model1626,2,0.55,0.46,0.5,123
model1626,3,0.22,0.38,0.28,29
model1626,4,0.05,0.04,0.05,25
model1627,0,0.98,0.93,0.95,367
model1627,1,0.24,0.48,0.32,27
model1627,2,0.55,0.62,0.58,123
model1627,3,0.46,0.21,0.29,29
model1627,4,0.05,0.04,0.05,25
model1628,0,0.98,0.93,0.95,367
model1628,1,0.24,0.48,0.32,27
model1628,2,0.61,0.46,0.52,123
model1628,3,0.2,0.41,0.27,29
model1628,4,0.05,0.04,0.05,25
model1629,0,0.98,0.93,0.95,367
model1629,1,0.24,0.48,0.32,27
model1629,2,0.6,0.55,0.58,123
model1629,3,0.21,0.28,0.24,29
model1629,4,0.05,0.04,0.05,25
model1635,0,0.98,0.93,0.95,367
model1635,1,0.24,0.48,0.32,27
model1635,2,0.59,0.63,0.61,123
model1635,3,0.22,0.17,0.19,29
model1635,4,0.4,0.24,0.3,25
model1636,0,0.98,0.93,0.95,367
model1636,1,0.24,0.48,0.32,27
model1636,2,0.58,0.5,0.53,123
model1636,3,0.2,0.34,0.26,29
model1636,4,0.4,0.24,0.3,25
model1637,0,0.98,0.93,0.95,367
model1637,1,0.24,0.48,0.32,27
model1637,2,0.57,0.67,0.62,123
model1637,3,0.42,0.17,0.24,29
model1637,4,0.4,0.24,0.3,25
model1638,0,0.98,0.93,0.95,367
model1638,1,0.24,0.48,0.32,27
model1638,2,0.62,0.49,0.55,123
model1638,3,0.2,0.41,0.27,29
model1638,4,0.4,0.24,0.3,25
model1639,0,0.98,0.93,0.95,367
model1639,1,0.24,0.48,0.32,27
model1639,2,0.62,0.59,0.61,123
model1639,3,0.21,0.28,0.24,29
model1639,4,0.4,0.24,0.3,25
model1645,0,0.98,0.93,0.95,367
model1645,1,0.24,0.48,0.32,27
model1645,2,0.58,0.59,0.58,123
model1645,3,0.22,0.17,0.19,29
model1645,4,0.23,0.2,0.21,25
model1646,0,0.98,0.93,0.95,367
model1646,1,0.24,0.48,0.32,27
model1646,2,0.56,0.47,0.51,123
model1646,3,0.23,0.34,0.27,29
model1646,4,0.23,0.2,0.21,25
model1647,0,0.98,0.93,0.95,367
model1647,1,0.24,0.48,0.32,27
model1647,2,0.55,0.62,0.58,123
model1647,3,0.45,0.17,0.25,29
model1647,4,0.23,0.2,0.21,25
model1648,0,0.98,0.93,0.95,367
model1648,1,0.24,0.48,0.32,27
model1648,2,0.6,0.45,0.51,123
model1648,3,0.21,0.41,0.28,29
model1648,4,0.23,0.2,0.21,25
model1649,0,0.98,0.93,0.95,367
model1649,1,0.24,0.48,0.32,27
model1649,2,0.62,0.55,0.58,123
model1649,3,0.21,0.28,0.24,29
model1649,4,0.23,0.2,0.21,25
model1655,0,0.98,0.93,0.95,367
model1655,1,0.24,0.48,0.32,27
model1655,2,0.6,0.6,0.6,123
model1655,3,0.23,0.17,0.2,29
model1655,4,0.29,0.28,0.29,25
model1656,0,0.98,0.93,0.95,367
model1656,1,0.24,0.48,0.32,27
model1656,2,0.58,0.48,0.52,123
model1656,3,0.23,0.34,0.27,29
model1656,4,0.29,0.28,0.29,25
model1657,0,0.98,0.93,0.95,367
model1657,1,0.24,0.48,0.32,27
model1657,2,0.57,0.63,0.6,123
model1657,3,0.42,0.17,0.24,29
model1657,4,0.29,0.28,0.29,25
model1658,0,0.98,0.93,0.95,367
model1658,1,0.24,0.48,0.32,27
model1658,2,0.63,0.46,0.53,123
model1658,3,0.22,0.41,0.29,29
model1658,4,0.29,0.28,0.29,25
model1659,0,0.98,0.93,0.95,367
model1659,1,0.24,0.48,0.32,27
model1659,2,0.64,0.55,0.59,123
model1659,3,0.21,0.28,0.24,29
model1659,4,0.29,0.28,0.29,25
model1725,0,0.98,0.93,0.95,367
model1725,1,0.15,0.81,0.25,27
model1725,2,0.43,0.2,0.28,123
model1725,3,0.21,0.1,0.14,29
model1725,4,0,0,0,25
model1726,0,0.98,0.93,0.95,367
model1726,1,0.15,0.81,0.25,27
model1726,2,0.42,0.15,0.22,123
model1726,3,0.24,0.24,0.24,29
model1726,4,0,0,0,25
model1727,0,0.98,0.93,0.95,367
model1727,1,0.15,0.81,0.25,27
model1727,2,0.42,0.21,0.28,123
model1727,3,0.4,0.14,0.21,29
model1727,4,0,0,0,25
model1728,0,0.98,0.93,0.95,367
model1728,1,0.15,0.81,0.25,27
model1728,2,0.48,0.12,0.19,123
model1728,3,0.2,0.28,0.23,29
model1728,4,0,0,0,25
model1729,0,0.98,0.93,0.95,367
model1729,1,0.15,0.81,0.25,27
model1729,2,0.47,0.17,0.25,123
model1729,3,0.19,0.17,0.18,29
model1729,4,0,0,0,25
model1735,0,0.98,0.93,0.95,367
model1735,1,0.15,0.81,0.25,27
model1735,2,0.47,0.22,0.3,123
model1735,3,0.14,0.07,0.09,29
model1735,4,0.57,0.16,0.25,25
model1736,0,0.98,0.93,0.95,367
model1736,1,0.15,0.81,0.25,27
model1736,2,0.48,0.17,0.25,123
model1736,3,0.21,0.21,0.21,29
model1736,4,0.57,0.16,0.25,25
model1737,0,0.98,0.93,0.95,367
model1737,1,0.15,0.81,0.25,27
model1737,2,0.46,0.24,0.31,123
model1737,3,0.33,0.1,0.16,29
model1737,4,0.57,0.16,0.25,25
model1738,0,0.98,0.93,0.95,367
model1738,1,0.15,0.81,0.25,27
model1738,2,0.53,0.15,0.23,123
model1738,3,0.21,0.28,0.24,29
model1738,4,0.57,0.16,0.25,25
model1739,0,0.98,0.93,0.95,367
model1739,1,0.15,0.81,0.25,27
model1739,2,0.51,0.2,0.28,123
model1739,3,0.2,0.17,0.19,29
model1739,4,0.57,0.16,0.25,25
model1745,0,0.98,0.93,0.95,367
model1745,1,0.15,0.81,0.25,27
model1745,2,0.44,0.2,0.27,123
model1745,3,0.15,0.07,0.1,29
model1745,4,0.27,0.12,0.17,25
model1746,0,0.98,0.93,0.95,367
model1746,1,0.15,0.81,0.25,27
model1746,2,0.43,0.15,0.22,123
model1746,3,0.23,0.21,0.22,29
model1746,4,0.27,0.12,0.17,25
model1747,0,0.98,0.93,0.95,367
model1747,1,0.15,0.81,0.25,27
model1747,2,0.43,0.21,0.28,123
model1747,3,0.38,0.1,0.16,29
model1747,4,0.27,0.12,0.17,25
model1748,0,0.98,0.93,0.95,367
model1748,1,0.15,0.81,0.25,27
model1748,2,0.48,0.11,0.18,123
model1748,3,0.21,0.28,0.24,29
model1748,4,0.27,0.12,0.17,25
model1749,0,0.98,0.93,0.95,367
model1749,1,0.15,0.81,0.25,27
model1749,2,0.49,0.16,0.24,123
model1749,3,0.19,0.17,0.18,29
model1749,4,0.27,0.12,0.17,25
model1755,0,0.98,0.93,0.95,367
model1755,1,0.15,0.81,0.25,27
model1755,2,0.48,0.23,0.31,123
model1755,3,0.15,0.07,0.1,29
model1755,4,0.5,0.16,0.24,25
model1756,0,0.98,0.93,0.95,367
model1756,1,0.15,0.81,0.25,27
model1756,2,0.45,0.16,0.24,123
model1756,3,0.22,0.21,0.21,29
model1756,4,0.5,0.16,0.24,25
model1757,0,0.98,0.93,0.95,367
model1757,1,0.15,0.81,0.25,27
model1757,2,0.47,0.24,0.31,123
model1757,3,0.33,0.1,0.16,29
model1757,4,0.5,0.16,0.24,25
model1758,0,0.98,0.93,0.95,367
model1758,1,0.15,0.81,0.25,27
model1758,2,0.52,0.14,0.22,123
model1758,3,0.21,0.28,0.24,29
model1758,4,0.5,0.16,0.24,25
model1759,0,0.98,0.93,0.95,367
model1759,1,0.15,0.81,0.25,27
model1759,2,0.52,0.19,0.28,123
model1759,3,0.19,0.17,0.18,29
model1759,4,0.5,0.16,0.24,25
model1825,0,0.98,0.93,0.95,367
model1825,1,0.47,0.3,0.36,27
model1825,2,0.58,0.76,0.65,123
model1825,3,0.32,0.28,0.3,29
model1825,4,0.09,0.08,0.09,25
model1826,0,0.98,0.93,0.95,367
model1826,1,0.47,0.3,0.36,27
model1826,2,0.54,0.58,0.56,123
model1826,3,0.24,0.45,0.31,29
model1826,4,0.09,0.08,0.09,25
model1827,0,0.98,0.93,0.95,367
model1827,1,0.47,0.3,0.36,27
model1827,2,0.56,0.76,0.64,123
model1827,3,0.35,0.21,0.26,29
model1827,4,0.09,0.08,0.09,25
model1828,0,0.98,0.93,0.95,367
model1828,1,0.47,0.3,0.36,27
model1828,2,0.6,0.53,0.56,123
model1828,3,0.21,0.55,0.3,29
model1828,4,0.09,0.08,0.09,25
model1829,0,0.98,0.93,0.95,367
model1829,1,0.47,0.3,0.36,27
model1829,2,0.58,0.65,0.61,123
model1829,3,0.17,0.28,0.21,29
model1829,4,0.09,0.08,0.09,25
model1835,0,0.98,0.93,0.95,367
model1835,1,0.47,0.3,0.36,27
model1835,2,0.59,0.76,0.66,123
model1835,3,0.24,0.24,0.24,29
model1835,4,0.33,0.28,0.3,25
model1836,0,0.98,0.93,0.95,367
model1836,1,0.47,0.3,0.36,27
model1836,2,0.56,0.59,0.57,123
model1836,3,0.21,0.41,0.28,29
model1836,4,0.33,0.28,0.3,25
model1837,0,0.98,0.93,0.95,367
model1837,1,0.47,0.3,0.36,27
model1837,2,0.57,0.79,0.66,123
model1837,3,0.31,0.17,0.22,29
model1837,4,0.33,0.28,0.3,25
model1838,0,0.98,0.93,0.95,367
model1838,1,0.47,0.3,0.36,27
model1838,2,0.61,0.54,0.58,123
model1838,3,0.21,0.55,0.3,29
model1838,4,0.33,0.28,0.3,25
model1839,0,0.98,0.93,0.95,367
model1839,1,0.47,0.3,0.36,27
model1839,2,0.6,0.68,0.64,123
model1839,3,0.17,0.28,0.21,29
model1839,4,0.33,0.28,0.3,25
model1845,0,0.98,0.93,0.95,367
model1845,1,0.47,0.3,0.36,27
model1845,2,0.58,0.73,0.65,123
model1845,3,0.25,0.24,0.25,29
model1845,4,0.23,0.24,0.24,25
model1846,0,0.98,0.93,0.95,367
model1846,1,0.47,0.3,0.36,27
model1846,2,0.55,0.59,0.57,123
model1846,3,0.24,0.41,0.3,29
model1846,4,0.23,0.24,0.24,25
model1847,0,0.98,0.93,0.95,367
model1847,1,0.47,0.3,0.36,27
model1847,2,0.56,0.76,0.65,123
model1847,3,0.33,0.17,0.23,29
model1847,4,0.23,0.24,0.24,25
model1848,0,0.98,0.93,0.95,367
model1848,1,0.47,0.3,0.36,27
model1848,2,0.61,0.52,0.56,123
model1848,3,0.21,0.55,0.3,29
model1848,4,0.23,0.24,0.24,25
model1849,0,0.98,0.93,0.95,367
model1849,1,0.47,0.3,0.36,27
model1849,2,0.59,0.65,0.62,123
model1849,3,0.17,0.28,0.21,29
model1849,4,0.23,0.24,0.24,25
model1855,0,0.98,0.93,0.95,367
model1855,1,0.47,0.3,0.36,27
model1855,2,0.6,0.75,0.67,123
model1855,3,0.25,0.24,0.25,29
model1855,4,0.3,0.32,0.31,25
model1856,0,0.98,0.93,0.95,367
model1856,1,0.47,0.3,0.36,27
model1856,2,0.57,0.6,0.58,123
model1856,3,0.24,0.41,0.3,29
model1856,4,0.3,0.32,0.31,25
model1857,0,0.98,0.93,0.95,367
model1857,1,0.47,0.3,0.36,27
model1857,2,0.58,0.77,0.66,123
model1857,3,0.31,0.17,0.22,29
model1857,4,0.3,0.32,0.31,25
model1858,0,0.98,0.93,0.95,367
model1858,1,0.47,0.3,0.36,27
model1858,2,0.62,0.54,0.58,123
model1858,3,0.21,0.55,0.31,29
model1858,4,0.3,0.32,0.31,25
model1859,0,0.98,0.93,0.95,367
model1859,1,0.47,0.3,0.36,27
model1859,2,0.61,0.65,0.63,123
model1859,3,0.16,0.28,0.21,29
model1859,4,0.3,0.32,0.31,25
model1925,0,0.98,0.93,0.95,367
model1925,1,0.3,0.33,0.32,27
model1925,2,0.59,0.7,0.64,123
model1925,3,0.32,0.28,0.3,29
model1925,4,0.09,0.08,0.08,25
model1926,0,0.98,0.93,0.95,367
model1926,1,0.3,0.33,0.32,27
model1926,2,0.55,0.54,0.54,123
model1926,3,0.25,0.45,0.33,29
model1926,4,0.09,0.08,0.08,25
model1927,0,0.98,0.93,0.95,367
model1927,1,0.3,0.33,0.32,27
model1927,2,0.55,0.7,0.62,123
model1927,3,0.35,0.21,0.26,29
model1927,4,0.09,0.08,0.08,25
model1928,0,0.98,0.93,0.95,367
model1928,1,0.3,0.33,0.32,27
model1928,2,0.61,0.49,0.54,123
model1928,3,0.22,0.55,0.31,29
model1928,4,0.09,0.08,0.08,25
model1929,0,0.98,0.93,0.95,367
model1929,1,0.3,0.33,0.32,27
model1929,2,0.59,0.61,0.6,123
model1929,3,0.18,0.28,0.22,29
model1929,4,0.09,0.08,0.08,25
model1935,0,0.98,0.93,0.95,367
model1935,1,0.3,0.33,0.32,27
model1935,2,0.6,0.72,0.66,123
model1935,3,0.24,0.24,0.24,29
model1935,4,0.39,0.28,0.33,25
model1936,0,0.98,0.93,0.95,367
model1936,1,0.3,0.33,0.32,27
model1936,2,0.57,0.58,0.57,123
model1936,3,0.23,0.41,0.3,29
model1936,4,0.39,0.28,0.33,25
model1937,0,0.98,0.93,0.95,367
model1937,1,0.3,0.33,0.32,27
model1937,2,0.57,0.75,0.65,123
model1937,3,0.31,0.17,0.22,29
model1937,4,0.39,0.28,0.33,25
model1938,0,0.98,0.93,0.95,367
model1938,1,0.3,0.33,0.32,27
model1938,2,0.63,0.53,0.58,123
model1938,3,0.22,0.55,0.31,29
model1938,4,0.39,0.28,0.33,25
model1939,0,0.98,0.93,0.95,367
model1939,1,0.3,0.33,0.32,27
model1939,2,0.61,0.66,0.63,123
model1939,3,0.18,0.28,0.22,29
model1939,4,0.39,0.28,0.33,25
model1945,0,0.98,0.93,0.95,367
model1945,1,0.3,0.33,0.32,27
model1945,2,0.58,0.67,0.62,123
model1945,3,0.25,0.24,0.25,29
model1945,4,0.23,0.24,0.24,25
model1946,0,0.98,0.93,0.95,367
model1946,1,0.3,0.33,0.32,27
model1946,2,0.54,0.54,0.54,123
model1946,3,0.26,0.41,0.32,29
model1946,4,0.23,0.24,0.24,25
model1947,0,0.98,0.93,0.95,367
model1947,1,0.3,0.33,0.32,27
model1947,2,0.55,0.69,0.61,123
model1947,3,0.33,0.17,0.23,29
model1947,4,0.23,0.24,0.24,25
model1948,0,0.98,0.93,0.95,367
model1948,1,0.3,0.33,0.32,27
model1948,2,0.61,0.48,0.54,123
model1948,3,0.22,0.55,0.32,29
model1948,4,0.23,0.24,0.24,25
model1949,0,0.98,0.93,0.95,367
model1949,1,0.3,0.33,0.32,27
model1949,2,0.59,0.6,0.6,123
model1949,3,0.18,0.28,0.22,29
model1949,4,0.23,0.24,0.24,25
model1955,0,0.98,0.93,0.95,367
model1955,1,0.3,0.33,0.32,27
model1955,2,0.61,0.69,0.65,123
model1955,3,0.25,0.24,0.25,29
model1955,4,0.3,0.32,0.31,25
model1956,0,0.98,0.93,0.95,367
model1956,1,0.3,0.33,0.32,27
model1956,2,0.57,0.56,0.57,123
model1956,3,0.26,0.41,0.32,29
model1956,4,0.3,0.32,0.31,25
model1957,0,0.98,0.93,0.95,367
model1957,1,0.3,0.33,0.32,27
model1957,2,0.57,0.71,0.63,123
model1957,3,0.31,0.17,0.22,29
model1957,4,0.3,0.32,0.31,25
model1958,0,0.98,0.93,0.95,367
model1958,1,0.3,0.33,0.32,27
model1958,2,0.64,0.5,0.56,123
model1958,3,0.22,0.55,0.32,29
model1958,4,0.3,0.32,0.31,25
model1959,0,0.98,0.93,0.95,367
model1959,1,0.3,0.33,0.32,27
model1959,2,0.61,0.61,0.61,123
model1959,3,0.17,0.28,0.21,29
model1959,4,0.3,0.32,0.31,25
model11025,0,0.98,0.93,0.95,367
model11025,1,0.34,0.41,0.37,27
model11025,2,0.59,0.71,0.64,123
model11025,3,0.35,0.28,0.31,29
model11025,4,0.09,0.08,0.09,25
model11026,0,0.98,0.93,0.95,367
model11026,1,0.34,0.41,0.37,27
model11026,2,0.56,0.54,0.55,123
model11026,3,0.25,0.45,0.33,29
model11026,4,0.09,0.08,0.09,25
model11027,0,0.98,0.93,0.95,367
model11027,1,0.34,0.41,0.37,27
model11027,2,0.57,0.72,0.64,123
model11027,3,0.35,0.21,0.26,29
model11027,4,0.09,0.08,0.09,25
model11028,0,0.98,0.93,0.95,367
model11028,1,0.34,0.41,0.37,27
model11028,2,0.63,0.5,0.56,123
model11028,3,0.22,0.55,0.32,29
model11028,4,0.09,0.08,0.09,25
model11029,0,0.98,0.93,0.95,367
model11029,1,0.34,0.41,0.37,27
model11029,2,0.59,0.63,0.61,123
model11029,3,0.2,0.28,0.23,29
model11029,4,0.09,0.08,0.09,25
model11035,0,0.98,0.93,0.95,367
model11035,1,0.34,0.41,0.37,27
model11035,2,0.6,0.72,0.66,123
model11035,3,0.26,0.24,0.25,29
model11035,4,0.39,0.28,0.33,25
model11036,0,0.98,0.93,0.95,367
model11036,1,0.34,0.41,0.37,27
model11036,2,0.58,0.58,0.58,123
model11036,3,0.23,0.41,0.3,29
model11036,4,0.39,0.28,0.33,25
model11037,0,0.98,0.93,0.95,367
model11037,1,0.34,0.41,0.37,27
model11037,2,0.58,0.76,0.66,123
model11037,3,0.31,0.17,0.22,29
model11037,4,0.39,0.28,0.33,25
model11038,0,0.98,0.93,0.95,367
model11038,1,0.34,0.41,0.37,27
model11038,2,0.64,0.54,0.58,123
model11038,3,0.22,0.55,0.32,29
model11038,4,0.39,0.28,0.33,25
model11039,0,0.98,0.93,0.95,367
model11039,1,0.34,0.41,0.37,27
model11039,2,0.61,0.67,0.64,123
model11039,3,0.2,0.28,0.23,29
model11039,4,0.39,0.28,0.33,25
model11045,0,0.98,0.93,0.95,367
model11045,1,0.34,0.41,0.37,27
model11045,2,0.59,0.67,0.63,123
model11045,3,0.27,0.24,0.25,29
model11045,4,0.23,0.24,0.24,25
model11046,0,0.98,0.93,0.95,367
model11046,1,0.34,0.41,0.37,27
model11046,2,0.56,0.54,0.55,123
model11046,3,0.26,0.41,0.32,29
model11046,4,0.23,0.24,0.24,25
model11047,0,0.98,0.93,0.95,367
model11047,1,0.34,0.41,0.37,27
model11047,2,0.57,0.71,0.63,123
model11047,3,0.33,0.17,0.23,29
model11047,4,0.23,0.24,0.24,25
model11048,0,0.98,0.93,0.95,367
model11048,1,0.34,0.41,0.37,27
model11048,2,0.62,0.49,0.55,123
model11048,3,0.23,0.55,0.32,29
model11048,4,0.23,0.24,0.24,25
model11049,0,0.98,0.93,0.95,367
model11049,1,0.34,0.41,0.37,27
model11049,2,0.6,0.62,0.61,123
model11049,3,0.2,0.28,0.23,29
model11049,4,0.23,0.24,0.24,25
model11055,0,0.98,0.93,0.95,367
model11055,1,0.34,0.41,0.37,27
model11055,2,0.61,0.71,0.65,123
model11055,3,0.27,0.24,0.25,29
model11055,4,0.33,0.32,0.33,25
model11056,0,0.98,0.93,0.95,367
model11056,1,0.34,0.41,0.37,27
model11056,2,0.58,0.58,0.58,123
model11056,3,0.26,0.41,0.32,29
model11056,4,0.33,0.32,0.33,25
model11057,0,0.98,0.93,0.95,367
model11057,1,0.34,0.41,0.37,27
model11057,2,0.59,0.73,0.65,123
model11057,3,0.31,0.17,0.22,29
model11057,4,0.33,0.32,0.33,25
model11058,0,0.98,0.93,0.95,367
model11058,1,0.34,0.41,0.37,27
model11058,2,0.65,0.52,0.58,123
model11058,3,0.23,0.55,0.32,29
model11058,4,0.33,0.32,0.33,25
model11059,0,0.98,0.93,0.95,367
model11059,1,0.34,0.41,0.37,27
model11059,2,0.61,0.63,0.62,123
model11059,3,0.19,0.28,0.23,29
model11059,4,0.33,0.32,0.33,25
model11125,0,0.98,0.93,0.95,367
model11125,1,0.41,0.26,0.32,27
model11125,2,0.57,0.75,0.65,123
model11125,3,0.32,0.28,0.3,29
model11125,4,0.1,0.08,0.09,25
model11126,0,0.98,0.93,0.95,367
model11126,1,0.41,0.26,0.32,27
model11126,2,0.54,0.58,0.56,123
model11126,3,0.24,0.45,0.31,29
model11126,4,0.1,0.08,0.09,25
model11127,0,0.98,0.93,0.95,367
model11127,1,0.41,0.26,0.32,27
model11127,2,0.55,0.76,0.63,123
model11127,3,0.35,0.21,0.26,29
model11127,4,0.1,0.08,0.09,25
model11128,0,0.98,0.93,0.95,367
model11128,1,0.41,0.26,0.32,27
model11128,2,0.6,0.53,0.56,123
model11128,3,0.21,0.55,0.3,29
model11128,4,0.1,0.08,0.09,25
model11129,0,0.98,0.93,0.95,367
model11129,1,0.41,0.26,0.32,27
model11129,2,0.57,0.66,0.61,123
model11129,3,0.18,0.28,0.22,29
model11129,4,0.1,0.08,0.09,25
model11135,0,0.98,0.93,0.95,367
model11135,1,0.41,0.26,0.32,27
model11135,2,0.58,0.76,0.66,123
model11135,3,0.24,0.24,0.24,29
model11135,4,0.35,0.28,0.31,25
model11136,0,0.98,0.93,0.95,367
model11136,1,0.41,0.26,0.32,27
model11136,2,0.56,0.6,0.58,123
model11136,3,0.21,0.41,0.28,29
model11136,4,0.35,0.28,0.31,25
model11137,0,0.98,0.93,0.95,367
model11137,1,0.41,0.26,0.32,27
model11137,2,0.56,0.79,0.66,123
model11137,3,0.31,0.17,0.22,29
model11137,4,0.35,0.28,0.31,25
model11138,0,0.98,0.93,0.95,367
model11138,1,0.41,0.26,0.32,27
model11138,2,0.62,0.55,0.58,123
model11138,3,0.21,0.55,0.3,29
model11138,4,0.35,0.28,0.31,25
model11139,0,0.98,0.93,0.95,367
model11139,1,0.41,0.26,0.32,27
model11139,2,0.59,0.69,0.64,123
model11139,3,0.18,0.28,0.22,29
model11139,4,0.35,0.28,0.31,25
model11145,0,0.98,0.93,0.95,367
model11145,1,0.41,0.26,0.32,27
model11145,2,0.57,0.7,0.63,123
model11145,3,0.25,0.24,0.25,29
model11145,4,0.21,0.24,0.23,25
model11146,0,0.98,0.93,0.95,367
model11146,1,0.41,0.26,0.32,27
model11146,2,0.54,0.57,0.55,123
model11146,3,0.24,0.41,0.3,29
model11146,4,0.21,0.24,0.23,25
model11147,0,0.98,0.93,0.95,367
model11147,1,0.41,0.26,0.32,27
model11147,2,0.55,0.73,0.62,123
model11147,3,0.33,0.17,0.23,29
model11147,4,0.21,0.24,0.23,25
model11148,0,0.98,0.93,0.95,367
model11148,1,0.41,0.26,0.32,27
model11148,2,0.6,0.5,0.55,123
model11148,3,0.21,0.55,0.3,29
model11148,4,0.21,0.24,0.23,25
model11149,0,0.98,0.93,0.95,367
model11149,1,0.41,0.26,0.32,27
model11149,2,0.58,0.63,0.6,123
model11149,3,0.18,0.28,0.22,29
model11149,4,0.21,0.24,0.23,25
model11155,0,0.98,0.93,0.95,367
model11155,1,0.41,0.26,0.32,27
model11155,2,0.6,0.75,0.66,123
model11155,3,0.25,0.24,0.25,29
model11155,4,0.31,0.32,0.31,25
model11156,0,0.98,0.93,0.95,367
model11156,1,0.41,0.26,0.32,27
model11156,2,0.57,0.61,0.59,123
model11156,3,0.24,0.41,0.3,29
model11156,4,0.31,0.32,0.31,25
model11157,0,0.98,0.93,0.95,367
model11157,1,0.41,0.26,0.32,27
model11157,2,0.57,0.77,0.66,123
model11157,3,0.31,0.17,0.22,29
model11157,4,0.31,0.32,0.31,25
model11158,0,0.98,0.93,0.95,367
model11158,1,0.41,0.26,0.32,27
model11158,2,0.63,0.54,0.58,123
model11158,3,0.21,0.55,0.31,29
model11158,4,0.31,0.32,0.31,25
model11159,0,0.98,0.93,0.95,367
model11159,1,0.41,0.26,0.32,27
model11159,2,0.61,0.67,0.64,123
model11159,3,0.17,0.28,0.21,29
model11159,4,0.31,0.32,0.31,25
model11225,0,0.98,0.93,0.95,367
model11225,1,0.4,0.22,0.29,27
model11225,2,0.58,0.76,0.66,123
model11225,3,0.31,0.28,0.29,29
model11225,4,0.09,0.08,0.08,25
model11226,0,0.98,0.93,0.95,367
model11226,1,0.4,0.22,0.29,27
model11226,2,0.54,0.59,0.56,123
model11226,3,0.24,0.45,0.31,29
model11226,4,0.09,0.08,0.08,25
model11227,0,0.98,0.93,0.95,367
model11227,1,0.4,0.22,0.29,27
model11227,2,0.56,0.77,0.65,123
model11227,3,0.35,0.21,0.26,29
model11227,4,0.09,0.08,0.08,25
model11228,0,0.98,0.93,0.95,367
model11228,1,0.4,0.22,0.29,27
model11228,2,0.6,0.53,0.56,123
model11228,3,0.21,0.55,0.3,29
model11228,4,0.09,0.08,0.08,25
model11229,0,0.98,0.93,0.95,367
model11229,1,0.4,0.22,0.29,27
model11229,2,0.58,0.67,0.62,123
model11229,3,0.17,0.28,0.21,29
model11229,4,0.09,0.08,0.08,25
model11235,0,0.98,0.93,0.95,367
model11235,1,0.4,0.22,0.29,27
model11235,2,0.59,0.77,0.67,123
model11235,3,0.23,0.24,0.24,29
model11235,4,0.35,0.28,0.31,25
model11236,0,0.98,0.93,0.95,367
model11236,1,0.4,0.22,0.29,27
model11236,2,0.56,0.61,0.58,123
model11236,3,0.22,0.41,0.29,29
model11236,4,0.35,0.28,0.31,25
model11237,0,0.98,0.93,0.95,367
model11237,1,0.4,0.22,0.29,27
model11237,2,0.57,0.8,0.67,123
model11237,3,0.31,0.17,0.22,29
model11237,4,0.35,0.28,0.31,25
model11238,0,0.98,0.93,0.95,367
model11238,1,0.4,0.22,0.29,27
model11238,2,0.61,0.55,0.58,123
model11238,3,0.21,0.55,0.3,29
model11238,4,0.35,0.28,0.31,25
model11239,0,0.98,0.93,0.95,367
model11239,1,0.4,0.22,0.29,27
model11239,2,0.6,0.7,0.64,123
model11239,3,0.17,0.28,0.21,29
model11239,4,0.35,0.28,0.31,25
model11245,0,0.98,0.93,0.95,367
model11245,1,0.4,0.22,0.29,27
model11245,2,0.58,0.72,0.64,123
model11245,3,0.24,0.24,0.24,29
model11245,4,0.21,0.24,0.23,25
model11246,0,0.98,0.93,0.95,367
model11246,1,0.4,0.22,0.29,27
model11246,2,0.54,0.58,0.56,123
model11246,3,0.24,0.41,0.3,29
model11246,4,0.21,0.24,0.23,25
model11247,0,0.98,0.93,0.95,367
model11247,1,0.4,0.22,0.29,27
model11247,2,0.56,0.76,0.64,123
model11247,3,0.33,0.17,0.23,29
model11247,4,0.21,0.24,0.23,25
model11248,0,0.98,0.93,0.95,367
model11248,1,0.4,0.22,0.29,27
model11248,2,0.59,0.51,0.55,123
model11248,3,0.21,0.55,0.3,29
model11248,4,0.21,0.24,0.23,25
model11249,0,0.98,0.93,0.95,367
model11249,1,0.4,0.22,0.29,27
model11249,2,0.59,0.65,0.62,123
model11249,3,0.17,0.28,0.21,29
model11249,4,0.21,0.24,0.23,25
model11255,0,0.98,0.93,0.95,367
model11255,1,0.4,0.22,0.29,27
model11255,2,0.6,0.76,0.67,123
model11255,3,0.24,0.24,0.24,29
model11255,4,0.3,0.32,0.31,25
model11256,0,0.98,0.93,0.95,367
model11256,1,0.4,0.22,0.29,27
model11256,2,0.56,0.61,0.59,123
model11256,3,0.24,0.41,0.3,29
model11256,4,0.3,0.32,0.31,25
model11257,0,0.98,0.93,0.95,367
model11257,1,0.4,0.22,0.29,27
model11257,2,0.57,0.78,0.66,123
model11257,3,0.31,0.17,0.22,29
model11257,4,0.3,0.32,0.31,25
model11258,0,0.98,0.93,0.95,367
model11258,1,0.4,0.22,0.29,27
model11258,2,0.62,0.54,0.57,123
model11258,3,0.21,0.55,0.3,29
model11258,4,0.3,0.32,0.31,25
model11259,0,0.98,0.93,0.95,367
model11259,1,0.4,0.22,0.29,27
model11259,2,0.61,0.67,0.64,123
model11259,3,0.17,0.28,0.21,29
model11259,4,0.3,0.32,0.31,25
model11325,0,0.98,0.93,0.95,367
model11325,1,0.38,0.37,0.38,27
model11325,2,0.59,0.72,0.65,123
model11325,3,0.31,0.28,0.29,29
model11325,4,0.09,0.08,0.09,25
model11326,0,0.98,0.93,0.95,367
model11326,1,0.38,0.37,0.38,27
model11326,2,0.56,0.56,0.56,123
model11326,3,0.25,0.45,0.32,29
model11326,4,0.09,0.08,0.09,25
model11327,0,0.98,0.93,0.95,367
model11327,1,0.38,0.37,0.38,27
model11327,2,0.56,0.73,0.64,123
model11327,3,0.35,0.21,0.26,29
model11327,4,0.09,0.08,0.09,25
model11328,0,0.98,0.93,0.95,367
model11328,1,0.38,0.37,0.38,27
model11328,2,0.62,0.5,0.56,123
model11328,3,0.21,0.55,0.3,29
model11328,4,0.09,0.08,0.09,25
model11329,0,0.98,0.93,0.95,367
model11329,1,0.38,0.37,0.38,27
model11329,2,0.59,0.64,0.62,123
model11329,3,0.18,0.28,0.22,29
model11329,4,0.09,0.08,0.09,25
model11335,0,0.98,0.93,0.95,367
model11335,1,0.38,0.37,0.38,27
model11335,2,0.6,0.73,0.66,123
model11335,3,0.23,0.24,0.24,29
model11335,4,0.39,0.28,0.33,25
model11336,0,0.98,0.93,0.95,367
model11336,1,0.38,0.37,0.38,27
model11336,2,0.57,0.59,0.58,123
model11336,3,0.22,0.41,0.29,29
model11336,4,0.39,0.28,0.33,25
model11337,0,0.98,0.93,0.95,367
model11337,1,0.38,0.37,0.38,27
model11337,2,0.57,0.76,0.65,123
model11337,3,0.31,0.17,0.22,29
model11337,4,0.39,0.28,0.33,25
model11338,0,0.98,0.93,0.95,367
model11338,1,0.38,0.37,0.38,27
model11338,2,0.62,0.53,0.57,123
model11338,3,0.21,0.55,0.3,29
model11338,4,0.39,0.28,0.33,25
model11339,0,0.98,0.93,0.95,367
model11339,1,0.38,0.37,0.38,27
model11339,2,0.61,0.67,0.64,123
model11339,3,0.18,0.28,0.22,29
model11339,4,0.39,0.28,0.33,25
model11345,0,0.98,0.93,0.95,367
model11345,1,0.38,0.37,0.38,27
model11345,2,0.59,0.69,0.63,123
model11345,3,0.24,0.24,0.24,29
model11345,4,0.24,0.24,0.24,25
model11346,0,0.98,0.93,0.95,367
model11346,1,0.38,0.37,0.38,27
model11346,2,0.55,0.56,0.56,123
model11346,3,0.24,0.41,0.31,29
model11346,4,0.24,0.24,0.24,25
model11347,0,0.98,0.93,0.95,367
model11347,1,0.38,0.37,0.38,27
model11347,2,0.56,0.72,0.63,123
model11347,3,0.33,0.17,0.23,29
model11347,4,0.24,0.24,0.24,25
model11348,0,0.98,0.93,0.95,367
model11348,1,0.38,0.37,0.38,27
model11348,2,0.62,0.5,0.55,123
model11348,3,0.21,0.55,0.31,29
model11348,4,0.24,0.24,0.24,25
model11349,0,0.98,0.93,0.95,367
model11349,1,0.38,0.37,0.38,27
model11349,2,0.6,0.63,0.62,123
model11349,3,0.18,0.28,0.22,29
model11349,4,0.24,0.24,0.24,25
model11355,0,0.98,0.93,0.95,367
model11355,1,0.38,0.37,0.38,27
model11355,2,0.61,0.72,0.66,123
model11355,3,0.24,0.24,0.24,29
model11355,4,0.33,0.32,0.33,25
model11356,0,0.98,0.93,0.95,367
model11356,1,0.38,0.37,0.38,27
model11356,2,0.58,0.59,0.59,123
model11356,3,0.24,0.41,0.31,29
model11356,4,0.33,0.32,0.33,25
model11357,0,0.98,0.93,0.95,367
model11357,1,0.38,0.37,0.38,27
model11357,2,0.58,0.75,0.65,123
model11357,3,0.31,0.17,0.22,29
model11357,4,0.33,0.32,0.33,25
model11358,0,0.98,0.93,0.95,367
model11358,1,0.38,0.37,0.38,27
model11358,2,0.64,0.52,0.57,123
model11358,3,0.21,0.55,0.31,29
model11358,4,0.33,0.32,0.33,25
model11359,0,0.98,0.93,0.95,367
model11359,1,0.38,0.37,0.38,27
model11359,2,0.62,0.65,0.63,123
model11359,3,0.17,0.28,0.21,29
model11359,4,0.33,0.32,0.33,25
model11425,0,0.98,0.93,0.95,367
model11425,1,0.32,0.3,0.31,27
model11425,2,0.57,0.72,0.63,123
model11425,3,0.31,0.28,0.29,29
model11425,4,0.11,0.08,0.09,25
model11426,0,0.98,0.93,0.95,367
model11426,1,0.32,0.3,0.31,27
model11426,2,0.54,0.55,0.54,123
model11426,3,0.24,0.45,0.31,29
model11426,4,0.11,0.08,0.09,25
model11427,0,0.98,0.93,0.95,367
model11427,1,0.32,0.3,0.31,27
model11427,2,0.54,0.72,0.62,123
model11427,3,0.35,0.21,0.26,29
model11427,4,0.11,0.08,0.09,25
model11428,0,0.98,0.93,0.95,367
model11428,1,0.32,0.3,0.31,27
model11428,2,0.6,0.51,0.55,123
model11428,3,0.21,0.55,0.3,29
model11428,4,0.11,0.08,0.09,25
model11429,0,0.98,0.93,0.95,367
model11429,1,0.32,0.3,0.31,27
model11429,2,0.58,0.64,0.61,123
model11429,3,0.18,0.28,0.22,29
model11429,4,0.11,0.08,0.09,25
model11435,0,0.98,0.93,0.95,367
model11435,1,0.32,0.3,0.31,27
model11435,2,0.58,0.72,0.64,123
model11435,3,0.24,0.24,0.24,29
model11435,4,0.39,0.28,0.33,25
model11436,0,0.98,0.93,0.95,367
model11436,1,0.32,0.3,0.31,27
model11436,2,0.55,0.57,0.56,123
model11436,3,0.22,0.41,0.29,29
model11436,4,0.39,0.28,0.33,25
model11437,0,0.98,0.93,0.95,367
model11437,1,0.32,0.3,0.31,27
model11437,2,0.55,0.75,0.64,123
model11437,3,0.31,0.17,0.22,29
model11437,4,0.39,0.28,0.33,25
model11438,0,0.98,0.93,0.95,367
model11438,1,0.32,0.3,0.31,27
model11438,2,0.61,0.52,0.56,123
model11438,3,0.21,0.55,0.3,29
model11438,4,0.39,0.28,0.33,25
model11439,0,0.98,0.93,0.95,367
model11439,1,0.32,0.3,0.31,27
model11439,2,0.59,0.66,0.62,123
model11439,3,0.18,0.28,0.22,29
model11439,4,0.39,0.28,0.33,25
model11445,0,0.98,0.93,0.95,367
model11445,1,0.32,0.3,0.31,27
model11445,2,0.56,0.67,0.61,123
model11445,3,0.25,0.24,0.25,29
model11445,4,0.25,0.24,0.24,25
model11446,0,0.98,0.93,0.95,367
model11446,1,0.32,0.3,0.31,27
model11446,2,0.52,0.54,0.53,123
model11446,3,0.24,0.41,0.3,29
model11446,4,0.25,0.24,0.24,25
model11447,0,0.98,0.93,0.95,367
model11447,1,0.32,0.3,0.31,27
model11447,2,0.53,0.7,0.61,123
model11447,3,0.33,0.17,0.23,29
model11447,4,0.25,0.24,0.24,25
model11448,0,0.98,0.93,0.95,367
model11448,1,0.32,0.3,0.31,27
model11448,2,0.58,0.48,0.53,123
model11448,3,0.21,0.55,0.31,29
model11448,4,0.25,0.24,0.24,25
model11449,0,0.98,0.93,0.95,367
model11449,1,0.32,0.3,0.31,27
model11449,2,0.58,0.62,0.6,123
model11449,3,0.18,0.28,0.22,29
model11449,4,0.25,0.24,0.24,25
model11455,0,0.98,0.93,0.95,367
model11455,1,0.32,0.3,0.31,27
model11455,2,0.59,0.7,0.64,123
model11455,3,0.25,0.24,0.25,29
model11455,4,0.32,0.32,0.32,25
model11456,0,0.98,0.93,0.95,367
model11456,1,0.32,0.3,0.31,27
model11456,2,0.55,0.56,0.56,123
model11456,3,0.24,0.41,0.3,29
model11456,4,0.32,0.32,0.32,25
model11457,0,0.98,0.93,0.95,367
model11457,1,0.32,0.3,0.31,27
model11457,2,0.55,0.72,0.62,123
model11457,3,0.31,0.17,0.22,29
model11457,4,0.32,0.32,0.32,25
model11458,0,0.98,0.93,0.95,367
model11458,1,0.32,0.3,0.31,27
model11458,2,0.61,0.5,0.55,123
model11458,3,0.22,0.55,0.31,29
model11458,4,0.32,0.32,0.32,25
model11459,0,0.98,0.93,0.95,367
model11459,1,0.32,0.3,0.31,27
model11459,2,0.6,0.63,0.61,123
model11459,3,0.17,0.28,0.21,29
model11459,4,0.32,0.32,0.32,25
model2125,0,0.98,0.99,0.98,367
model2125,1,0.31,0.37,0.34,27
model2125,2,0.61,0.65,0.63,123
model2125,3,0.42,0.28,0.33,29
model2125,4,0.12,0.08,0.1,25
model2126,0,0.98,0.99,0.98,367
model2126,1,0.31,0.37,0.34,27
model2126,2,0.59,0.5,0.54,123
model2126,3,0.29,0.45,0.35,29
model2126,4,0.12,0.08,0.1,25
model2127,0,0.98,0.99,0.98,367
model2127,1,0.31,0.37,0.34,27
model2127,2,0.6,0.65,0.62,123
model2127,3,0.35,0.21,0.26,29
model2127,4,0.12,0.08,0.1,25
model2128,0,0.98,0.99,0.98,367
model2128,1,0.31,0.37,0.34,27
model2128,2,0.64,0.47,0.54,123
model2128,3,0.27,0.55,0.36,29
model2128,4,0.12,0.08,0.1,25
model2129,0,0.98,0.99,0.98,367
model2129,1,0.31,0.37,0.34,27
model2129,2,0.61,0.58,0.59,123
model2129,3,0.24,0.28,0.26,29
model2129,4,0.12,0.08,0.1,25
model2135,0,0.98,0.99,0.98,367
model2135,1,0.31,0.37,0.34,27
model2135,2,0.65,0.68,0.66,123
model2135,3,0.32,0.24,0.27,29
model2135,4,0.47,0.28,0.35,25
model2136,0,0.98,0.99,0.98,367
model2136,1,0.31,0.37,0.34,27
model2136,2,0.64,0.55,0.59,123
model2136,3,0.26,0.41,0.32,29
model2136,4,0.47,0.28,0.35,25
model2137,0,0.98,0.99,0.98,367
model2137,1,0.31,0.37,0.34,27
model2137,2,0.64,0.71,0.67,123
model2137,3,0.31,0.17,0.22,29
model2137,4,0.47,0.28,0.35,25
model2138,0,0.98,0.99,0.98,367
model2138,1,0.31,0.37,0.34,27
model2138,2,0.68,0.51,0.58,123
model2138,3,0.25,0.52,0.34,29
model2138,4,0.47,0.28,0.35,25
model2139,0,0.98,0.99,0.98,367
model2139,1,0.31,0.37,0.34,27
model2139,2,0.64,0.63,0.63,123
model2139,3,0.22,0.24,0.23,29
model2139,4,0.47,0.28,0.35,25
model2145,0,0.98,0.99,0.98,367
model2145,1,0.31,0.37,0.34,27
model2145,2,0.62,0.63,0.63,123
model2145,3,0.35,0.24,0.29,29
model2145,4,0.27,0.24,0.26,25
model2146,0,0.98,0.99,0.98,367
model2146,1,0.31,0.37,0.34,27
model2146,2,0.62,0.52,0.56,123
model2146,3,0.29,0.41,0.34,29
model2146,4,0.27,0.24,0.26,25
model2147,0,0.98,0.99,0.98,367
model2147,1,0.31,0.37,0.34,27
model2147,2,0.62,0.66,0.64,123
model2147,3,0.33,0.17,0.23,29
model2147,4,0.27,0.24,0.26,25
model2148,0,0.98,0.99,0.98,367
model2148,1,0.31,0.37,0.34,27
model2148,2,0.66,0.47,0.55,123
model2148,3,0.26,0.52,0.35,29
model2148,4,0.27,0.24,0.26,25
model2149,0,0.98,0.99,0.98,367
model2149,1,0.31,0.37,0.34,27
model2149,2,0.63,0.59,0.61,123
model2149,3,0.23,0.24,0.24,29
model2149,4,0.27,0.24,0.26,25
model2155,0,0.98,0.99,0.98,367
model2155,1,0.31,0.37,0.34,27
model2155,2,0.65,0.65,0.65,123
model2155,3,0.33,0.24,0.28,29
model2155,4,0.35,0.32,0.33,25
model2156,0,0.98,0.99,0.98,367
model2156,1,0.31,0.37,0.34,27
model2156,2,0.65,0.54,0.59,123
model2156,3,0.29,0.41,0.34,29
model2156,4,0.35,0.32,0.33,25
model2157,0,0.98,0.99,0.98,367
model2157,1,0.31,0.37,0.34,27
model2157,2,0.64,0.67,0.65,123
model2157,3,0.31,0.17,0.22,29
model2157,4,0.35,0.32,0.33,25
model2158,0,0.98,0.99,0.98,367
model2158,1,0.31,0.37,0.34,27
model2158,2,0.69,0.49,0.57,123
model2158,3,0.26,0.52,0.35,29
model2158,4,0.35,0.32,0.33,25
model2159,0,0.98,0.99,0.98,367
model2159,1,0.31,0.37,0.34,27
model2159,2,0.65,0.59,0.62,123
model2159,3,0.21,0.24,0.23,29
model2159,4,0.35,0.32,0.33,25
model2225,0,0.98,0.99,0.98,367
model2225,1,0.33,0.41,0.37,27
model2225,2,0.61,0.66,0.64,123
model2225,3,0.42,0.28,0.33,29
model2225,4,0.13,0.08,0.1,25
model2226,0,0.98,0.99,0.98,367
model2226,1,0.33,0.41,0.37,27
model2226,2,0.59,0.5,0.54,123
model2226,3,0.28,0.45,0.34,29
model2226,4,0.13,0.08,0.1,25
model2227,0,0.98,0.99,0.98,367
model2227,1,0.33,0.41,0.37,27
model2227,2,0.6,0.66,0.63,123
model2227,3,0.35,0.21,0.26,29
model2227,4,0.13,0.08,0.1,25
model2228,0,0.98,0.99,0.98,367
model2228,1,0.33,0.41,0.37,27
model2228,2,0.64,0.47,0.54,123
model2228,3,0.26,0.55,0.36,29
model2228,4,0.13,0.08,0.1,25
model2229,0,0.98,0.99,0.98,367
model2229,1,0.33,0.41,0.37,27
model2229,2,0.62,0.6,0.61,123
model2229,3,0.26,0.28,0.27,29
model2229,4,0.13,0.08,0.1,25
model2235,0,0.98,0.99,0.98,367
model2235,1,0.33,0.41,0.37,27
model2235,2,0.64,0.68,0.66,123
model2235,3,0.35,0.24,0.29,29
model2235,4,0.5,0.28,0.36,25
model2236,0,0.98,0.99,0.98,367
model2236,1,0.33,0.41,0.37,27
model2236,2,0.62,0.54,0.58,123
model2236,3,0.26,0.41,0.32,29
model2236,4,0.5,0.28,0.36,25
model2237,0,0.98,0.99,0.98,367
model2237,1,0.33,0.41,0.37,27
model2237,2,0.63,0.7,0.66,123
model2237,3,0.31,0.17,0.22,29
model2237,4,0.5,0.28,0.36,25
model2238,0,0.98,0.99,0.98,367
model2238,1,0.33,0.41,0.37,27
model2238,2,0.67,0.5,0.57,123
model2238,3,0.27,0.55,0.36,29
model2238,4,0.5,0.28,0.36,25
model2239,0,0.98,0.99,0.98,367
model2239,1,0.33,0.41,0.37,27
model2239,2,0.64,0.64,0.64,123
model2239,3,0.28,0.28,0.28,29
model2239,4,0.5,0.28,0.36,25
model2245,0,0.98,0.99,0.98,367
model2245,1,0.33,0.41,0.37,27
model2245,2,0.61,0.62,0.62,123
model2245,3,0.37,0.24,0.29,29
model2245,4,0.26,0.24,0.25,25
model2246,0,0.98,0.99,0.98,367
model2246,1,0.33,0.41,0.37,27
model2246,2,0.59,0.49,0.54,123
model2246,3,0.29,0.41,0.34,29
model2246,4,0.26,0.24,0.25,25
model2247,0,0.98,0.99,0.98,367
model2247,1,0.33,0.41,0.37,27
model2247,2,0.61,0.63,0.62,123
model2247,3,0.33,0.17,0.23,29
model2247,4,0.26,0.24,0.25,25
model2248,0,0.98,0.99,0.98,367
model2248,1,0.33,0.41,0.37,27
model2248,2,0.65,0.46,0.54,123
model2248,3,0.28,0.55,0.37,29
model2248,4,0.26,0.24,0.25,25
model2249,0,0.98,0.99,0.98,367
model2249,1,0.33,0.41,0.37,27
model2249,2,0.63,0.59,0.61,123
model2249,3,0.29,0.28,0.28,29
model2249,4,0.26,0.24,0.25,25
model2255,0,0.98,0.99,0.98,367
model2255,1,0.33,0.41,0.37,27
model2255,2,0.64,0.65,0.65,123
model2255,3,0.37,0.24,0.29,29
model2255,4,0.36,0.32,0.34,25
model2256,0,0.98,0.99,0.98,367
model2256,1,0.33,0.41,0.37,27
model2256,2,0.63,0.52,0.57,123
model2256,3,0.29,0.41,0.34,29
model2256,4,0.36,0.32,0.34,25
model2257,0,0.98,0.99,0.98,367
model2257,1,0.33,0.41,0.37,27
model2257,2,0.63,0.66,0.65,123
model2257,3,0.31,0.17,0.22,29
model2257,4,0.36,0.32,0.34,25
model2258,0,0.98,0.99,0.98,367
model2258,1,0.33,0.41,0.37,27
model2258,2,0.68,0.48,0.56,123
model2258,3,0.28,0.55,0.37,29
model2258,4,0.36,0.32,0.34,25
model2259,0,0.98,0.99,0.98,367
model2259,1,0.33,0.41,0.37,27
model2259,2,0.65,0.6,0.62,123
model2259,3,0.27,0.28,0.27,29
model2259,4,0.36,0.32,0.34,25
model2325,0,0.98,0.99,0.98,367
model2325,1,0.37,0.37,0.37,27
model2325,2,0.62,0.69,0.65,123
model2325,3,0.4,0.28,0.33,29
model2325,4,0.13,0.08,0.1,25
model2326,0,0.98,0.99,0.98,367
model2326,1,0.37,0.37,0.37,27
model2326,2,0.6,0.54,0.57,123
model2326,3,0.28,0.45,0.34,29
model2326,4,0.13,0.08,0.1,25
model2327,0,0.98,0.99,0.98,367
model2327,1,0.37,0.37,0.37,27
model2327,2,0.61,0.7,0.65,123
model2327,3,0.35,0.21,0.26,29
model2327,4,0.13,0.08,0.1,25
model2328,0,0.98,0.99,0.98,367
model2328,1,0.37,0.37,0.37,27
model2328,2,0.65,0.49,0.56,123
model2328,3,0.25,0.55,0.34,29
model2328,4,0.13,0.08,0.1,25
model2329,0,0.98,0.99,0.98,367
model2329,1,0.37,0.37,0.37,27
model2329,2,0.62,0.62,0.62,123
model2329,3,0.24,0.28,0.25,29
model2329,4,0.13,0.08,0.1,25
model2335,0,0.98,0.99,0.98,367
model2335,1,0.37,0.37,0.37,27
model2335,2,0.65,0.71,0.68,123
model2335,3,0.33,0.24,0.28,29
model2335,4,0.39,0.28,0.33,25
model2336,0,0.98,0.99,0.98,367
model2336,1,0.37,0.37,0.37,27
model2336,2,0.64,0.56,0.6,123
model2336,3,0.26,0.41,0.32,29
model2336,4,0.39,0.28,0.33,25
model2337,0,0.98,0.99,0.98,367
model2337,1,0.37,0.37,0.37,27
model2337,2,0.65,0.73,0.69,123
model2337,3,0.31,0.17,0.22,29
model2337,4,0.39,0.28,0.33,25
model2338,0,0.98,0.99,0.98,367
model2338,1,0.37,0.37,0.37,27
model2338,2,0.68,0.51,0.58,123
model2338,3,0.25,0.52,0.33,29
model2338,4,0.39,0.28,0.33,25
model2339,0,0.98,0.99,0.98,367
model2339,1,0.37,0.37,0.37,27
model2339,2,0.65,0.65,0.65,123
model2339,3,0.23,0.24,0.23,29
model2339,4,0.39,0.28,0.33,25
model2345,0,0.98,0.99,0.98,367
model2345,1,0.37,0.37,0.37,27
model2345,2,0.64,0.67,0.66,123
model2345,3,0.35,0.24,0.29,29
model2345,4,0.27,0.24,0.26,25
model2346,0,0.98,0.99,0.98,367
model2346,1,0.37,0.37,0.37,27
model2346,2,0.63,0.54,0.58,123
model2346,3,0.28,0.41,0.33,29
model2346,4,0.27,0.24,0.26,25
model2347,0,0.98,0.99,0.98,367
model2347,1,0.37,0.37,0.37,27
model2347,2,0.64,0.7,0.67,123
model2347,3,0.33,0.17,0.23,29
model2347,4,0.27,0.24,0.26,25
model2348,0,0.98,0.99,0.98,367
model2348,1,0.37,0.37,0.37,27
model2348,2,0.66,0.48,0.56,123
model2348,3,0.25,0.52,0.33,29
model2348,4,0.27,0.24,0.26,25
model2349,0,0.98,0.99,0.98,367
model2349,1,0.37,0.37,0.37,27
model2349,2,0.64,0.62,0.63,123
model2349,3,0.23,0.24,0.23,29
model2349,4,0.27,0.24,0.26,25
model2355,0,0.98,0.99,0.98,367
model2355,1,0.37,0.37,0.37,27
model2355,2,0.66,0.69,0.68,123
model2355,3,0.35,0.24,0.29,29
model2355,4,0.33,0.32,0.33,25
model2356,0,0.98,0.99,0.98,367
model2356,1,0.37,0.37,0.37,27
model2356,2,0.66,0.56,0.61,123
model2356,3,0.28,0.41,0.33,29
model2356,4,0.33,0.32,0.33,25
model2357,0,0.98,0.99,0.98,367
model2357,1,0.37,0.37,0.37,27
model2357,2,0.66,0.71,0.68,123
model2357,3,0.31,0.17,0.22,29
model2357,4,0.33,0.32,0.33,25
model2358,0,0.98,0.99,0.98,367
model2358,1,0.37,0.37,0.37,27
model2358,2,0.69,0.5,0.58,123
model2358,3,0.25,0.52,0.34,29
model2358,4,0.33,0.32,0.33,25
model2359,0,0.98,0.99,0.98,367
model2359,1,0.37,0.37,0.37,27
model2359,2,0.66,0.62,0.64,123
model2359,3,0.21,0.24,0.23,29
model2359,4,0.33,0.32,0.33,25
model2425,0,0.98,0.99,0.98,367
model2425,1,0.36,0.3,0.33,27
model2425,2,0.62,0.71,0.66,123
model2425,3,0.4,0.28,0.33,29
model2425,4,0.12,0.08,0.1,25
model2426,0,0.98,0.99,0.98,367
model2426,1,0.36,0.3,0.33,27
model2426,2,0.6,0.54,0.57,123
model2426,3,0.27,0.45,0.34,29
model2426,4,0.12,0.08,0.1,25
model2427,0,0.98,0.99,0.98,367
model2427,1,0.36,0.3,0.33,27
model2427,2,0.62,0.72,0.66,123
model2427,3,0.35,0.21,0.26,29
model2427,4,0.12,0.08,0.1,25
model2428,0,0.98,0.99,0.98,367
model2428,1,0.36,0.3,0.33,27
model2428,2,0.64,0.5,0.56,123
model2428,3,0.25,0.55,0.34,29
model2428,4,0.12,0.08,0.1,25
model2429,0,0.98,0.99,0.98,367
model2429,1,0.36,0.3,0.33,27
model2429,2,0.61,0.62,0.62,123
model2429,3,0.22,0.28,0.25,29
model2429,4,0.12,0.08,0.1,25
model2435,0,0.98,0.99,0.98,367
model2435,1,0.36,0.3,0.33,27
model2435,2,0.64,0.72,0.68,123
model2435,3,0.32,0.24,0.27,29
model2435,4,0.39,0.28,0.33,25
model2436,0,0.98,0.99,0.98,367
model2436,1,0.36,0.3,0.33,27
model2436,2,0.63,0.56,0.59,123
model2436,3,0.24,0.41,0.31,29
model2436,4,0.39,0.28,0.33,25
model2437,0,0.98,0.99,0.98,367
model2437,1,0.36,0.3,0.33,27
model2437,2,0.64,0.74,0.68,123
model2437,3,0.31,0.17,0.22,29
model2437,4,0.39,0.28,0.33,25
model2438,0,0.98,0.99,0.98,367
model2438,1,0.36,0.3,0.33,27
model2438,2,0.66,0.51,0.58,123
model2438,3,0.25,0.55,0.34,29
model2438,4,0.39,0.28,0.33,25
model2439,0,0.98,0.99,0.98,367
model2439,1,0.36,0.3,0.33,27
model2439,2,0.64,0.64,0.64,123
model2439,3,0.23,0.28,0.25,29
model2439,4,0.39,0.28,0.33,25
model2445,0,0.98,0.99,0.98,367
model2445,1,0.36,0.3,0.33,27
model2445,2,0.63,0.68,0.65,123
model2445,3,0.35,0.24,0.29,29
model2445,4,0.26,0.24,0.25,25
model2446,0,0.98,0.99,0.98,367
model2446,1,0.36,0.3,0.33,27
model2446,2,0.61,0.54,0.58,123
model2446,3,0.27,0.41,0.33,29
model2446,4,0.26,0.24,0.25,25
model2447,0,0.98,0.99,0.98,367
model2447,1,0.36,0.3,0.33,27
model2447,2,0.63,0.71,0.66,123
model2447,3,0.33,0.17,0.23,29
model2447,4,0.26,0.24,0.25,25
model2448,0,0.98,0.99,0.98,367
model2448,1,0.36,0.3,0.33,27
model2448,2,0.65,0.48,0.55,123
model2448,3,0.25,0.55,0.35,29
model2448,4,0.26,0.24,0.25,25
model2449,0,0.98,0.99,0.98,367
model2449,1,0.36,0.3,0.33,27
model2449,2,0.62,0.61,0.62,123
model2449,3,0.24,0.28,0.25,29
model2449,4,0.26,0.24,0.25,25
model2455,0,0.98,0.99,0.98,367
model2455,1,0.36,0.3,0.33,27
model2455,2,0.66,0.72,0.68,123
model2455,3,0.33,0.24,0.28,29
model2455,4,0.36,0.32,0.34,25
model2456,0,0.98,0.99,0.98,367
model2456,1,0.36,0.3,0.33,27
model2456,2,0.65,0.58,0.61,123
model2456,3,0.27,0.41,0.32,29
model2456,4,0.36,0.32,0.34,25
model2457,0,0.98,0.99,0.98,367
model2457,1,0.36,0.3,0.33,27
model2457,2,0.65,0.73,0.69,123
model2457,3,0.31,0.17,0.22,29
model2457,4,0.36,0.32,0.34,25
model2458,0,0.98,0.99,0.98,367
model2458,1,0.36,0.3,0.33,27
model2458,2,0.68,0.51,0.59,123
model2458,3,0.25,0.55,0.35,29
model2458,4,0.36,0.32,0.34,25
model2459,0,0.98,0.99,0.98,367
model2459,1,0.36,0.3,0.33,27
model2459,2,0.65,0.63,0.64,123
model2459,3,0.22,0.28,0.24,29
model2459,4,0.36,0.32,0.34,25
model2525,0,0.98,0.99,0.98,367
model2525,1,0.18,0.33,0.23,27
model2525,2,0.64,0.61,0.62,123
model2525,3,0.38,0.21,0.27,29
model2525,4,0.07,0.04,0.05,25
model2526,0,0.98,0.99,0.98,367
model2526,1,0.18,0.33,0.23,27
model2526,2,0.62,0.46,0.53,123
model2526,3,0.25,0.38,0.3,29
model2526,4,0.07,0.04,0.05,25
model2527,0,0.98,0.99,0.98,367
model2527,1,0.18,0.33,0.23,27
model2527,2,0.63,0.61,0.62,123
model2527,3,0.4,0.21,0.27,29
model2527,4,0.07,0.04,0.05,25
model2528,0,0.98,0.99,0.98,367
model2528,1,0.18,0.33,0.23,27
model2528,2,0.65,0.44,0.52,123
model2528,3,0.24,0.41,0.3,29
model2528,4,0.07,0.04,0.05,25
model2529,0,0.98,0.99,0.98,367
model2529,1,0.18,0.33,0.23,27
model2529,2,0.65,0.55,0.6,123
model2529,3,0.27,0.28,0.27,29
model2529,4,0.07,0.04,0.05,25
model2535,0,0.98,0.99,0.98,367
model2535,1,0.18,0.33,0.23,27
model2535,2,0.68,0.64,0.66,123
model2535,3,0.28,0.17,0.21,29
model2535,4,0.43,0.24,0.31,25
model2536,0,0.98,0.99,0.98,367
model2536,1,0.18,0.33,0.23,27
model2536,2,0.68,0.5,0.57,123
model2536,3,0.22,0.34,0.27,29
model2536,4,0.43,0.24,0.31,25
model2537,0,0.98,0.99,0.98,367
model2537,1,0.18,0.33,0.23,27
model2537,2,0.67,0.66,0.66,123
model2537,3,0.36,0.17,0.23,29
model2537,4,0.43,0.24,0.31,25
model2538,0,0.98,0.99,0.98,367
model2538,1,0.18,0.33,0.23,27
model2538,2,0.68,0.47,0.56,123
model2538,3,0.22,0.38,0.28,29
model2538,4,0.43,0.24,0.31,25
model2539,0,0.98,0.99,0.98,367
model2539,1,0.18,0.33,0.23,27
model2539,2,0.69,0.59,0.64,123
model2539,3,0.24,0.24,0.24,29
model2539,4,0.43,0.24,0.31,25
model2545,0,0.98,0.99,0.98,367
model2545,1,0.18,0.33,0.23,27
model2545,2,0.65,0.6,0.63,123
model2545,3,0.31,0.17,0.22,29
model2545,4,0.25,0.2,0.22,25
model2546,0,0.98,0.99,0.98,367
model2546,1,0.18,0.33,0.23,27
model2546,2,0.65,0.47,0.55,123
model2546,3,0.25,0.34,0.29,29
model2546,4,0.25,0.2,0.22,25
model2547,0,0.98,0.99,0.98,367
model2547,1,0.18,0.33,0.23,27
model2547,2,0.66,0.62,0.64,123
model2547,3,0.38,0.17,0.24,29
model2547,4,0.25,0.2,0.22,25
model2548,0,0.98,0.99,0.98,367
model2548,1,0.18,0.33,0.23,27
model2548,2,0.66,0.44,0.53,123
model2548,3,0.23,0.38,0.29,29
model2548,4,0.25,0.2,0.22,25
model2549,0,0.98,0.99,0.98,367
model2549,1,0.18,0.33,0.23,27
model2549,2,0.68,0.56,0.61,123
model2549,3,0.26,0.24,0.25,29
model2549,4,0.25,0.2,0.22,25
model2555,0,0.98,0.99,0.98,367
model2555,1,0.18,0.33,0.23,27
model2555,2,0.68,0.61,0.64,123
model2555,3,0.29,0.17,0.22,29
model2555,4,0.32,0.28,0.3,25
model2556,0,0.98,0.99,0.98,367
model2556,1,0.18,0.33,0.23,27
model2556,2,0.69,0.48,0.56,123
model2556,3,0.24,0.34,0.29,29
model2556,4,0.32,0.28,0.3,25
model2557,0,0.98,0.99,0.98,367
model2557,1,0.18,0.33,0.23,27
model2557,2,0.67,0.62,0.64,123
model2557,3,0.36,0.17,0.23,29
model2557,4,0.32,0.28,0.3,25
model2558,0,0.98,0.99,0.98,367
model2558,1,0.18,0.33,0.23,27
model2558,2,0.69,0.45,0.54,123
model2558,3,0.23,0.38,0.29,29
model2558,4,0.32,0.28,0.3,25
model2559,0,0.98,0.99,0.98,367
model2559,1,0.18,0.33,0.23,27
model2559,2,0.7,0.55,0.62,123
model2559,3,0.23,0.24,0.24,29
model2559,4,0.32,0.28,0.3,25
model2625,0,0.98,0.99,0.98,367
model2625,1,0.24,0.44,0.31,27
model2625,2,0.63,0.6,0.62,123
model2625,3,0.38,0.21,0.27,29
model2625,4,0.07,0.04,0.05,25
model2626,0,0.98,0.99,0.98,367
model2626,1,0.24,0.44,0.31,27
model2626,2,0.62,0.46,0.53,123
model2626,3,0.26,0.38,0.31,29
model2626,4,0.07,0.04,0.05,25
model2627,0,0.98,0.99,0.98,367
model2627,1,0.24,0.44,0.31,27
model2627,2,0.63,0.62,0.63,123
model2627,3,0.46,0.21,0.29,29
model2627,4,0.07,0.04,0.05,25
model2628,0,0.98,0.99,0.98,367
model2628,1,0.24,0.44,0.31,27
model2628,2,0.66,0.46,0.54,123
model2628,3,0.25,0.41,0.31,29
model2628,4,0.07,0.04,0.05,25
model2629,0,0.98,0.99,0.98,367
model2629,1,0.24,0.44,0.31,27
model2629,2,0.65,0.55,0.6,123
model2629,3,0.28,0.28,0.28,29
model2629,4,0.07,0.04,0.05,25
model2635,0,0.98,0.99,0.98,367
model2635,1,0.24,0.44,0.31,27
model2635,2,0.67,0.63,0.65,123
model2635,3,0.29,0.17,0.22,29
model2635,4,0.43,0.24,0.31,25
model2636,0,0.98,0.99,0.98,367
model2636,1,0.24,0.44,0.31,27
model2636,2,0.67,0.5,0.57,123
model2636,3,0.23,0.34,0.28,29
model2636,4,0.43,0.24,0.31,25
model2637,0,0.98,0.99,0.98,367
model2637,1,0.24,0.44,0.31,27
model2637,2,0.67,0.67,0.67,123
model2637,3,0.42,0.17,0.24,29
model2637,4,0.43,0.24,0.31,25
model2638,0,0.98,0.99,0.98,367
model2638,1,0.24,0.44,0.31,27
model2638,2,0.69,0.49,0.57,123
model2638,3,0.26,0.41,0.32,29
model2638,4,0.43,0.24,0.31,25
model2639,0,0.98,0.99,0.98,367
model2639,1,0.24,0.44,0.31,27
model2639,2,0.69,0.59,0.64,123
model2639,3,0.29,0.28,0.28,29
model2639,4,0.43,0.24,0.31,25
model2645,0,0.98,0.99,0.98,367
model2645,1,0.24,0.44,0.31,27
model2645,2,0.64,0.59,0.61,123
model2645,3,0.31,0.17,0.22,29
model2645,4,0.25,0.2,0.22,25
model2646,0,0.98,0.99,0.98,367
model2646,1,0.24,0.44,0.31,27
model2646,2,0.64,0.47,0.54,123
model2646,3,0.26,0.34,0.3,29
model2646,4,0.25,0.2,0.22,25
model2647,0,0.98,0.99,0.98,367
model2647,1,0.24,0.44,0.31,27
model2647,2,0.65,0.62,0.63,123
model2647,3,0.45,0.17,0.25,29
model2647,4,0.25,0.2,0.22,25
model2648,0,0.98,0.99,0.98,367
model2648,1,0.24,0.44,0.31,27
model2648,2,0.66,0.45,0.53,123
model2648,3,0.27,0.41,0.32,29
model2648,4,0.25,0.2,0.22,25
model2649,0,0.98,0.99,0.98,367
model2649,1,0.24,0.44,0.31,27
model2649,2,0.67,0.55,0.61,123
model2649,3,0.3,0.28,0.29,29
model2649,4,0.25,0.2,0.22,25
model2655,0,0.98,0.99,0.98,367
model2655,1,0.24,0.44,0.31,27
model2655,2,0.67,0.6,0.64,123
model2655,3,0.31,0.17,0.22,29
model2655,4,0.32,0.28,0.3,25
model2656,0,0.98,0.99,0.98,367
model2656,1,0.24,0.44,0.31,27
model2656,2,0.68,0.48,0.56,123
model2656,3,0.26,0.34,0.29,29
model2656,4,0.32,0.28,0.3,25
model2657,0,0.98,0.99,0.98,367
model2657,1,0.24,0.44,0.31,27
model2657,2,0.68,0.63,0.65,123
model2657,3,0.42,0.17,0.24,29
model2657,4,0.32,0.28,0.3,25
model2658,0,0.98,0.99,0.98,367
model2658,1,0.24,0.44,0.31,27
model2658,2,0.7,0.46,0.56,123
model2658,3,0.27,0.41,0.33,29
model2658,4,0.32,0.28,0.3,25
model2659,0,0.98,0.99,0.98,367
model2659,1,0.24,0.44,0.31,27
model2659,2,0.7,0.55,0.62,123
model2659,3,0.28,0.28,0.28,29
model2659,4,0.32,0.28,0.3,25
model2725,0,0.98,0.99,0.98,367
model2725,1,0.15,0.78,0.25,27
model2725,2,0.54,0.2,0.3,123
model2725,3,0.3,0.1,0.15,29
model2725,4,0,0,0,25
model2726,0,0.98,0.99,0.98,367
model2726,1,0.15,0.78,0.25,27
model2726,2,0.55,0.15,0.23,123
model2726,3,0.3,0.24,0.27,29
model2726,4,0,0,0,25
model2727,0,0.98,0.99,0.98,367
model2727,1,0.15,0.78,0.25,27
model2727,2,0.57,0.21,0.31,123
model2727,3,0.4,0.14,0.21,29
model2727,4,0,0,0,25
model2728,0,0.98,0.99,0.98,367
model2728,1,0.15,0.78,0.25,27
model2728,2,0.58,0.12,0.2,123
model2728,3,0.27,0.28,0.27,29
model2728,4,0,0,0,25
model2729,0,0.98,0.99,0.98,367
model2729,1,0.15,0.78,0.25,27
model2729,2,0.57,0.17,0.26,123
model2729,3,0.26,0.17,0.21,29
model2729,4,0,0,0,25
model2735,0,0.98,0.99,0.98,367
model2735,1,0.15,0.78,0.25,27
model2735,2,0.61,0.22,0.32,123
model2735,3,0.2,0.07,0.1,29
model2735,4,0.57,0.16,0.25,25
model2736,0,0.98,0.99,0.98,367
model2736,1,0.15,0.78,0.25,27
model2736,2,0.66,0.17,0.27,123
model2736,3,0.27,0.21,0.24,29
model2736,4,0.57,0.16,0.25,25
model2737,0,0.98,0.99,0.98,367
model2737,1,0.15,0.78,0.25,27
model2737,2,0.64,0.24,0.35,123
model2737,3,0.33,0.1,0.16,29
model2737,4,0.57,0.16,0.25,25
model2738,0,0.98,0.99,0.98,367
model2738,1,0.15,0.78,0.25,27
model2738,2,0.67,0.15,0.24,123
model2738,3,0.3,0.28,0.29,29
model2738,4,0.57,0.16,0.25,25
model2739,0,0.98,0.99,0.98,367
model2739,1,0.15,0.78,0.25,27
model2739,2,0.65,0.2,0.3,123
model2739,3,0.29,0.17,0.22,29
model2739,4,0.57,0.16,0.25,25
model2745,0,0.98,0.99,0.98,367
model2745,1,0.15,0.78,0.25,27
model2745,2,0.57,0.2,0.29,123
model2745,3,0.22,0.07,0.11,29
model2745,4,0.3,0.12,0.17,25
model2746,0,0.98,0.99,0.98,367
model2746,1,0.15,0.78,0.25,27
model2746,2,0.58,0.15,0.23,123
model2746,3,0.3,0.21,0.24,29
model2746,4,0.3,0.12,0.17,25
model2747,0,0.98,0.99,0.98,367
model2747,1,0.15,0.78,0.25,27
model2747,2,0.6,0.21,0.31,123
model2747,3,0.38,0.1,0.16,29
model2747,4,0.3,0.12,0.17,25
model2748,0,0.98,0.99,0.98,367
model2748,1,0.15,0.78,0.25,27
model2748,2,0.61,0.11,0.19,123
model2748,3,0.29,0.28,0.28,29
model2748,4,0.3,0.12,0.17,25
model2749,0,0.98,0.99,0.98,367
model2749,1,0.15,0.78,0.25,27
model2749,2,0.62,0.16,0.26,123
model2749,3,0.26,0.17,0.21,29
model2749,4,0.3,0.12,0.17,25
model2755,0,0.98,0.99,0.98,367
model2755,1,0.15,0.78,0.25,27
model2755,2,0.62,0.23,0.33,123
model2755,3,0.22,0.07,0.11,29
model2755,4,0.57,0.16,0.25,25
model2756,0,0.98,0.99,0.98,367
model2756,1,0.15,0.78,0.25,27
model2756,2,0.62,0.16,0.26,123
model2756,3,0.27,0.21,0.24,29
model2756,4,0.57,0.16,0.25,25
model2757,0,0.98,0.99,0.98,367
model2757,1,0.15,0.78,0.25,27
model2757,2,0.64,0.24,0.35,123
model2757,3,0.33,0.1,0.16,29
model2757,4,0.57,0.16,0.25,25
model2758,0,0.98,0.99,0.98,367
model2758,1,0.15,0.78,0.25,27
model2758,2,0.65,0.14,0.23,123
model2758,3,0.29,0.28,0.28,29
model2758,4,0.57,0.16,0.25,25
model2759,0,0.98,0.99,0.98,367
model2759,1,0.15,0.78,0.25,27
model2759,2,0.66,0.19,0.29,123
model2759,3,0.26,0.17,0.21,29
model2759,4,0.57,0.16,0.25,25
model2825,0,0.98,0.99,0.98,367
model2825,1,0.5,0.26,0.34,27
model2825,2,0.63,0.75,0.68,123
model2825,3,0.4,0.28,0.33,29
model2825,4,0.11,0.08,0.09,25
model2826,0,0.98,0.99,0.98,367
model2826,1,0.5,0.26,0.34,27
model2826,2,0.6,0.57,0.58,123
model2826,3,0.26,0.45,0.33,29
model2826,4,0.11,0.08,0.09,25
model2827,0,0.98,0.99,0.98,367
model2827,1,0.5,0.26,0.34,27
model2827,2,0.62,0.76,0.68,123
model2827,3,0.35,0.21,0.26,29
model2827,4,0.11,0.08,0.09,25
model2828,0,0.98,0.99,0.98,367
model2828,1,0.5,0.26,0.34,27
model2828,2,0.65,0.52,0.58,123
model2828,3,0.24,0.55,0.33,29
model2828,4,0.11,0.08,0.09,25
model2829,0,0.98,0.99,0.98,367
model2829,1,0.5,0.26,0.34,27
model2829,2,0.61,0.64,0.63,123
model2829,3,0.21,0.28,0.24,29
model2829,4,0.11,0.08,0.09,25
model2835,0,0.98,0.99,0.98,367
model2835,1,0.5,0.26,0.34,27
model2835,2,0.64,0.75,0.69,123
model2835,3,0.3,0.24,0.27,29
model2835,4,0.37,0.28,0.32,25
model2836,0,0.98,0.99,0.98,367
model2836,1,0.5,0.26,0.34,27
model2836,2,0.63,0.59,0.61,123
model2836,3,0.24,0.41,0.3,29
model2836,4,0.37,0.28,0.32,25
model2837,0,0.98,0.99,0.98,367
model2837,1,0.5,0.26,0.34,27
model2837,2,0.64,0.78,0.7,123
model2837,3,0.31,0.17,0.22,29
model2837,4,0.37,0.28,0.32,25
model2838,0,0.98,0.99,0.98,367
model2838,1,0.5,0.26,0.34,27
model2838,2,0.67,0.54,0.59,123
model2838,3,0.24,0.55,0.33,29
model2838,4,0.37,0.28,0.32,25
model2839,0,0.98,0.99,0.98,367
model2839,1,0.5,0.26,0.34,27
model2839,2,0.64,0.67,0.66,123
model2839,3,0.22,0.28,0.25,29
model2839,4,0.37,0.28,0.32,25
model2845,0,0.98,0.99,0.98,367
model2845,1,0.5,0.26,0.34,27
model2845,2,0.64,0.72,0.68,123
model2845,3,0.33,0.24,0.28,29
model2845,4,0.25,0.24,0.24,25
model2846,0,0.98,0.99,0.98,367
model2846,1,0.5,0.26,0.34,27
model2846,2,0.62,0.58,0.6,123
model2846,3,0.26,0.41,0.32,29
model2846,4,0.25,0.24,0.24,25
model2847,0,0.98,0.99,0.98,367
model2847,1,0.5,0.26,0.34,27
model2847,2,0.64,0.76,0.69,123
model2847,3,0.33,0.17,0.23,29
model2847,4,0.25,0.24,0.24,25
model2848,0,0.98,0.99,0.98,367
model2848,1,0.5,0.26,0.34,27
model2848,2,0.66,0.51,0.58,123
model2848,3,0.24,0.55,0.34,29
model2848,4,0.25,0.24,0.24,25
model2849,0,0.98,0.99,0.98,367
model2849,1,0.5,0.26,0.34,27
model2849,2,0.63,0.64,0.64,123
model2849,3,0.22,0.28,0.25,29
model2849,4,0.25,0.24,0.24,25
model2855,0,0.98,0.99,0.98,367
model2855,1,0.5,0.26,0.34,27
model2855,2,0.66,0.74,0.7,123
model2855,3,0.32,0.24,0.27,29
model2855,4,0.32,0.32,0.32,25
model2856,0,0.98,0.99,0.98,367
model2856,1,0.5,0.26,0.34,27
model2856,2,0.65,0.59,0.62,123
model2856,3,0.26,0.41,0.32,29
model2856,4,0.32,0.32,0.32,25
model2857,0,0.98,0.99,0.98,367
model2857,1,0.5,0.26,0.34,27
model2857,2,0.65,0.76,0.7,123
model2857,3,0.31,0.17,0.22,29
model2857,4,0.32,0.32,0.32,25
model2858,0,0.98,0.99,0.98,367
model2858,1,0.5,0.26,0.34,27
model2858,2,0.68,0.53,0.6,123
model2858,3,0.25,0.55,0.34,29
model2858,4,0.32,0.32,0.32,25
model2859,0,0.98,0.99,0.98,367
model2859,1,0.5,0.26,0.34,27
model2859,2,0.65,0.64,0.65,123
model2859,3,0.21,0.28,0.24,29
model2859,4,0.32,0.32,0.32,25
model2925,0,0.98,0.99,0.98,367
model2925,1,0.36,0.3,0.33,27
model2925,2,0.62,0.7,0.66,123
model2925,3,0.4,0.28,0.33,29
model2925,4,0.11,0.08,0.09,25
model2926,0,0.98,0.99,0.98,367
model2926,1,0.36,0.3,0.33,27
model2926,2,0.59,0.54,0.56,123
model2926,3,0.28,0.45,0.34,29
model2926,4,0.11,0.08,0.09,25
model2927,0,0.98,0.99,0.98,367
model2927,1,0.36,0.3,0.33,27
model2927,2,0.61,0.7,0.65,123
model2927,3,0.35,0.21,0.26,29
model2927,4,0.11,0.08,0.09,25
model2928,0,0.98,0.99,0.98,367
model2928,1,0.36,0.3,0.33,27
model2928,2,0.65,0.49,0.56,123
model2928,3,0.25,0.55,0.34,29
model2928,4,0.11,0.08,0.09,25
model2929,0,0.98,0.99,0.98,367
model2929,1,0.36,0.3,0.33,27
model2929,2,0.61,0.61,0.61,123
model2929,3,0.22,0.28,0.25,29
model2929,4,0.11,0.08,0.09,25
model2935,0,0.98,0.99,0.98,367
model2935,1,0.36,0.3,0.33,27
model2935,2,0.65,0.72,0.68,123
model2935,3,0.3,0.24,0.27,29
model2935,4,0.41,0.28,0.33,25
model2936,0,0.98,0.99,0.98,367
model2936,1,0.36,0.3,0.33,27
model2936,2,0.63,0.58,0.6,123
model2936,3,0.25,0.41,0.31,29
model2936,4,0.41,0.28,0.33,25
model2937,0,0.98,0.99,0.98,367
model2937,1,0.36,0.3,0.33,27
model2937,2,0.64,0.75,0.69,123
model2937,3,0.31,0.17,0.22,29
model2937,4,0.41,0.28,0.33,25
model2938,0,0.98,0.99,0.98,367
model2938,1,0.36,0.3,0.33,27
model2938,2,0.68,0.53,0.59,123
model2938,3,0.25,0.55,0.34,29
model2938,4,0.41,0.28,0.33,25
model2939,0,0.98,0.99,0.98,367
model2939,1,0.36,0.3,0.33,27
model2939,2,0.65,0.66,0.65,123
model2939,3,0.23,0.28,0.25,29
model2939,4,0.41,0.28,0.33,25
model2945,0,0.98,0.99,0.98,367
model2945,1,0.36,0.3,0.33,27
model2945,2,0.63,0.67,0.65,123
model2945,3,0.33,0.24,0.28,29
model2945,4,0.24,0.24,0.24,25
model2946,0,0.98,0.99,0.98,367
model2946,1,0.36,0.3,0.33,27
model2946,2,0.61,0.54,0.57,123
model2946,3,0.28,0.41,0.33,29
model2946,4,0.24,0.24,0.24,25
model2947,0,0.98,0.99,0.98,367
model2947,1,0.36,0.3,0.33,27
model2947,2,0.62,0.69,0.65,123
model2947,3,0.33,0.17,0.23,29
model2947,4,0.24,0.24,0.24,25
model2948,0,0.98,0.99,0.98,367
model2948,1,0.36,0.3,0.33,27
model2948,2,0.66,0.48,0.55,123
model2948,3,0.26,0.55,0.35,29
model2948,4,0.24,0.24,0.24,25
model2949,0,0.98,0.99,0.98,367
model2949,1,0.36,0.3,0.33,27
model2949,2,0.63,0.6,0.61,123
model2949,3,0.24,0.28,0.25,29
model2949,4,0.24,0.24,0.24,25
model2955,0,0.98,0.99,0.98,367
model2955,1,0.36,0.3,0.33,27
model2955,2,0.65,0.69,0.67,123
model2955,3,0.32,0.24,0.27,29
model2955,4,0.32,0.32,0.32,25
model2956,0,0.98,0.99,0.98,367
model2956,1,0.36,0.3,0.33,27
model2956,2,0.64,0.56,0.6,123
model2956,3,0.27,0.41,0.33,29
model2956,4,0.32,0.32,0.32,25
model2957,0,0.98,0.99,0.98,367
model2957,1,0.36,0.3,0.33,27
model2957,2,0.64,0.71,0.67,123
model2957,3,0.31,0.17,0.22,29
model2957,4,0.32,0.32,0.32,25
model2958,0,0.98,0.99,0.98,367
model2958,1,0.36,0.3,0.33,27
model2958,2,0.69,0.5,0.58,123
model2958,3,0.25,0.55,0.35,29
model2958,4,0.32,0.32,0.32,25
model2959,0,0.98,0.99,0.98,367
model2959,1,0.36,0.3,0.33,27
model2959,2,0.65,0.61,0.63,123
model2959,3,0.22,0.28,0.24,29
model2959,4,0.32,0.32,0.32,25
model21025,0,0.98,0.99,0.98,367
model21025,1,0.43,0.37,0.4,27
model21025,2,0.63,0.71,0.67,123
model21025,3,0.4,0.28,0.33,29
model21025,4,0.11,0.08,0.09,25
model21026,0,0.98,0.99,0.98,367
model21026,1,0.43,0.37,0.4,27
model21026,2,0.61,0.54,0.58,123
model21026,3,0.27,0.45,0.34,29
model21026,4,0.11,0.08,0.09,25
model21027,0,0.98,0.99,0.98,367
model21027,1,0.43,0.37,0.4,27
model21027,2,0.62,0.72,0.67,123
model21027,3,0.35,0.21,0.26,29
model21027,4,0.11,0.08,0.09,25
model21028,0,0.98,0.99,0.98,367
model21028,1,0.43,0.37,0.4,27
model21028,2,0.66,0.5,0.57,123
model21028,3,0.25,0.55,0.34,29
model21028,4,0.11,0.08,0.09,25
model21029,0,0.98,0.99,0.98,367
model21029,1,0.43,0.37,0.4,27
model21029,2,0.63,0.63,0.63,123
model21029,3,0.23,0.28,0.25,29
model21029,4,0.11,0.08,0.09,25
model21035,0,0.98,0.99,0.98,367
model21035,1,0.43,0.37,0.4,27
model21035,2,0.65,0.72,0.69,123
model21035,3,0.3,0.24,0.27,29
model21035,4,0.41,0.28,0.33,25
model21036,0,0.98,0.99,0.98,367
model21036,1,0.43,0.37,0.4,27
model21036,2,0.65,0.58,0.61,123
model21036,3,0.24,0.41,0.31,29
model21036,4,0.41,0.28,0.33,25
model21037,0,0.98,0.99,0.98,367
model21037,1,0.43,0.37,0.4,27
model21037,2,0.65,0.76,0.7,123
model21037,3,0.31,0.17,0.22,29
model21037,4,0.41,0.28,0.33,25
model21038,0,0.98,0.99,0.98,367
model21038,1,0.43,0.37,0.4,27
model21038,2,0.69,0.54,0.6,123
model21038,3,0.25,0.55,0.35,29
model21038,4,0.41,0.28,0.33,25
model21039,0,0.98,0.99,0.98,367
model21039,1,0.43,0.37,0.4,27
model21039,2,0.66,0.67,0.66,123
model21039,3,0.24,0.28,0.25,29
model21039,4,0.41,0.28,0.33,25
model21045,0,0.98,0.99,0.98,367
model21045,1,0.43,0.37,0.4,27
model21045,2,0.63,0.67,0.65,123
model21045,3,0.33,0.24,0.28,29
model21045,4,0.25,0.24,0.24,25
model21046,0,0.98,0.99,0.98,367
model21046,1,0.43,0.37,0.4,27
model21046,2,0.62,0.54,0.58,123
model21046,3,0.27,0.41,0.33,29
model21046,4,0.25,0.24,0.24,25
model21047,0,0.98,0.99,0.98,367
model21047,1,0.43,0.37,0.4,27
model21047,2,0.64,0.71,0.67,123
model21047,3,0.33,0.17,0.23,29
model21047,4,0.25,0.24,0.24,25
model21048,0,0.98,0.99,0.98,367
model21048,1,0.43,0.37,0.4,27
model21048,2,0.67,0.49,0.56,123
model21048,3,0.26,0.55,0.35,29
model21048,4,0.25,0.24,0.24,25
model21049,0,0.98,0.99,0.98,367
model21049,1,0.43,0.37,0.4,27
model21049,2,0.64,0.62,0.63,123
model21049,3,0.24,0.28,0.26,29
model21049,4,0.25,0.24,0.24,25
model21055,0,0.98,0.99,0.98,367
model21055,1,0.43,0.37,0.4,27
model21055,2,0.66,0.71,0.68,123
model21055,3,0.32,0.24,0.27,29
model21055,4,0.36,0.32,0.34,25
model21056,0,0.98,0.99,0.98,367
model21056,1,0.43,0.37,0.4,27
model21056,2,0.65,0.58,0.61,123
model21056,3,0.27,0.41,0.32,29
model21056,4,0.36,0.32,0.34,25
model21057,0,0.98,0.99,0.98,367
model21057,1,0.43,0.37,0.4,27
model21057,2,0.65,0.73,0.69,123
model21057,3,0.31,0.17,0.22,29
model21057,4,0.36,0.32,0.34,25
model21058,0,0.98,0.99,0.98,367
model21058,1,0.43,0.37,0.4,27
model21058,2,0.7,0.52,0.6,123
model21058,3,0.26,0.55,0.35,29
model21058,4,0.36,0.32,0.34,25
model21059,0,0.98,0.99,0.98,367
model21059,1,0.43,0.37,0.4,27
model21059,2,0.66,0.63,0.65,123
model21059,3,0.22,0.28,0.25,29
model21059,4,0.36,0.32,0.34,25
model21125,0,0.98,0.99,0.98,367
model21125,1,0.43,0.22,0.29,27
model21125,2,0.62,0.74,0.67,123
model21125,3,0.4,0.28,0.33,29
model21125,4,0.11,0.08,0.09,25
model21126,0,0.98,0.99,0.98,367
model21126,1,0.43,0.22,0.29,27
model21126,2,0.59,0.57,0.58,123
model21126,3,0.27,0.45,0.33,29
model21126,4,0.11,0.08,0.09,25
model21127,0,0.98,0.99,0.98,367
model21127,1,0.43,0.22,0.29,27
model21127,2,0.61,0.75,0.67,123
model21127,3,0.35,0.21,0.26,29
model21127,4,0.11,0.08,0.09,25
model21128,0,0.98,0.99,0.98,367
model21128,1,0.43,0.22,0.29,27
model21128,2,0.64,0.52,0.57,123
model21128,3,0.24,0.55,0.33,29
model21128,4,0.11,0.08,0.09,25
model21129,0,0.98,0.99,0.98,367
model21129,1,0.43,0.22,0.29,27
model21129,2,0.61,0.65,0.63,123
model21129,3,0.22,0.28,0.25,29
model21129,4,0.11,0.08,0.09,25
model21135,0,0.98,0.99,0.98,367
model21135,1,0.43,0.22,0.29,27
model21135,2,0.64,0.75,0.69,123
model21135,3,0.3,0.24,0.27,29
model21135,4,0.39,0.28,0.33,25
model21136,0,0.98,0.99,0.98,367
model21136,1,0.43,0.22,0.29,27
model21136,2,0.62,0.59,0.61,123
model21136,3,0.24,0.41,0.3,29
model21136,4,0.39,0.28,0.33,25
model21137,0,0.98,0.99,0.98,367
model21137,1,0.43,0.22,0.29,27
model21137,2,0.64,0.78,0.7,123
model21137,3,0.31,0.17,0.22,29
model21137,4,0.39,0.28,0.33,25
model21138,0,0.98,0.99,0.98,367
model21138,1,0.43,0.22,0.29,27
model21138,2,0.66,0.54,0.6,123
model21138,3,0.24,0.55,0.34,29
model21138,4,0.39,0.28,0.33,25
model21139,0,0.98,0.99,0.98,367
model21139,1,0.43,0.22,0.29,27
model21139,2,0.64,0.68,0.66,123
model21139,3,0.23,0.28,0.25,29
model21139,4,0.39,0.28,0.33,25
model21145,0,0.98,0.99,0.98,367
model21145,1,0.43,0.22,0.29,27
model21145,2,0.62,0.69,0.65,123
model21145,3,0.33,0.24,0.28,29
model21145,4,0.23,0.24,0.24,25
model21146,0,0.98,0.99,0.98,367
model21146,1,0.43,0.22,0.29,27
model21146,2,0.6,0.56,0.58,123
model21146,3,0.27,0.41,0.33,29
model21146,4,0.23,0.24,0.24,25
model21147,0,0.98,0.99,0.98,367
model21147,1,0.43,0.22,0.29,27
model21147,2,0.62,0.72,0.67,123
model21147,3,0.33,0.17,0.23,29
model21147,4,0.23,0.24,0.24,25
model21148,0,0.98,0.99,0.98,367
model21148,1,0.43,0.22,0.29,27
model21148,2,0.64,0.5,0.56,123
model21148,3,0.25,0.55,0.34,29
model21148,4,0.23,0.24,0.24,25
model21149,0,0.98,0.99,0.98,367
model21149,1,0.43,0.22,0.29,27
model21149,2,0.62,0.63,0.62,123
model21149,3,0.24,0.28,0.25,29
model21149,4,0.23,0.24,0.24,25
model21155,0,0.98,0.99,0.98,367
model21155,1,0.43,0.22,0.29,27
model21155,2,0.65,0.74,0.69,123
model21155,3,0.32,0.24,0.27,29
model21155,4,0.33,0.32,0.33,25
model21156,0,0.98,0.99,0.98,367
model21156,1,0.43,0.22,0.29,27
model21156,2,0.64,0.6,0.62,123
model21156,3,0.26,0.41,0.32,29
model21156,4,0.33,0.32,0.33,25
model21157,0,0.98,0.99,0.98,367
model21157,1,0.43,0.22,0.29,27
model21157,2,0.65,0.76,0.7,123
model21157,3,0.31,0.17,0.22,29
model21157,4,0.33,0.32,0.33,25
model21158,0,0.98,0.99,0.98,367
model21158,1,0.43,0.22,0.29,27
model21158,2,0.68,0.54,0.6,123
model21158,3,0.25,0.55,0.34,29
model21158,4,0.33,0.32,0.33,25
model21159,0,0.98,0.99,0.98,367
model21159,1,0.43,0.22,0.29,27
model21159,2,0.65,0.66,0.66,123
model21159,3,0.22,0.28,0.24,29
model21159,4,0.33,0.32,0.33,25
model21225,0,0.98,0.99,0.98,367
model21225,1,0.45,0.19,0.26,27
model21225,2,0.63,0.76,0.69,123
model21225,3,0.38,0.28,0.32,29
model21225,4,0.11,0.08,0.09,25
model21226,0,0.98,0.99,0.98,367
model21226,1,0.45,0.19,0.26,27
model21226,2,0.6,0.58,0.59,123
model21226,3,0.26,0.45,0.33,29
model21226,4,0.11,0.08,0.09,25
model21227,0,0.98,0.99,0.98,367
model21227,1,0.45,0.19,0.26,27
model21227,2,0.62,0.76,0.68,123
model21227,3,0.35,0.21,0.26,29
model21227,4,0.11,0.08,0.09,25
model21228,0,0.98,0.99,0.98,367
model21228,1,0.45,0.19,0.26,27
model21228,2,0.64,0.52,0.57,123
model21228,3,0.23,0.55,0.33,29
model21228,4,0.11,0.08,0.09,25
model21229,0,0.98,0.99,0.98,367
model21229,1,0.45,0.19,0.26,27
model21229,2,0.62,0.66,0.64,123
model21229,3,0.21,0.28,0.24,29
model21229,4,0.11,0.08,0.09,25
model21235,0,0.98,0.99,0.98,367
model21235,1,0.45,0.19,0.26,27
model21235,2,0.65,0.76,0.7,123
model21235,3,0.29,0.24,0.26,29
model21235,4,0.37,0.28,0.32,25
model21236,0,0.98,0.99,0.98,367
model21236,1,0.45,0.19,0.26,27
model21236,2,0.63,0.6,0.61,123
model21236,3,0.24,0.41,0.3,29
model21236,4,0.37,0.28,0.32,25
model21237,0,0.98,0.99,0.98,367
model21237,1,0.45,0.19,0.26,27
model21237,2,0.64,0.8,0.71,123
model21237,3,0.31,0.17,0.22,29
model21237,4,0.37,0.28,0.32,25
model21238,0,0.98,0.99,0.98,367
model21238,1,0.45,0.19,0.26,27
model21238,2,0.66,0.54,0.6,123
model21238,3,0.24,0.55,0.33,29
model21238,4,0.37,0.28,0.32,25
model21239,0,0.98,0.99,0.98,367
model21239,1,0.45,0.19,0.26,27
model21239,2,0.64,0.69,0.67,123
model21239,3,0.22,0.28,0.24,29
model21239,4,0.37,0.28,0.32,25
model21245,0,0.98,0.99,0.98,367
model21245,1,0.45,0.19,0.26,27
model21245,2,0.63,0.72,0.67,123
model21245,3,0.32,0.24,0.27,29
model21245,4,0.23,0.24,0.24,25
model21246,0,0.98,0.99,0.98,367
model21246,1,0.45,0.19,0.26,27
model21246,2,0.6,0.57,0.59,123
model21246,3,0.26,0.41,0.32,29
model21246,4,0.23,0.24,0.24,25
model21247,0,0.98,0.99,0.98,367
model21247,1,0.45,0.19,0.26,27
model21247,2,0.63,0.75,0.68,123
model21247,3,0.33,0.17,0.23,29
model21247,4,0.23,0.24,0.24,25
model21248,0,0.98,0.99,0.98,367
model21248,1,0.45,0.19,0.26,27
model21248,2,0.65,0.5,0.57,123
model21248,3,0.24,0.55,0.34,29
model21248,4,0.23,0.24,0.24,25
model21249,0,0.98,0.99,0.98,367
model21249,1,0.45,0.19,0.26,27
model21249,2,0.63,0.64,0.63,123
model21249,3,0.22,0.28,0.25,29
model21249,4,0.23,0.24,0.24,25
model21255,0,0.98,0.99,0.98,367
model21255,1,0.45,0.19,0.26,27
model21255,2,0.66,0.75,0.7,123
model21255,3,0.3,0.24,0.27,29
model21255,4,0.32,0.32,0.32,25
model21256,0,0.98,0.99,0.98,367
model21256,1,0.45,0.19,0.26,27
model21256,2,0.64,0.6,0.62,123
model21256,3,0.26,0.41,0.32,29
model21256,4,0.32,0.32,0.32,25
model21257,0,0.98,0.99,0.98,367
model21257,1,0.45,0.19,0.26,27
model21257,2,0.65,0.77,0.7,123
model21257,3,0.31,0.17,0.22,29
model21257,4,0.32,0.32,0.32,25
model21258,0,0.98,0.99,0.98,367
model21258,1,0.45,0.19,0.26,27
model21258,2,0.68,0.53,0.59,123
model21258,3,0.24,0.55,0.33,29
model21258,4,0.32,0.32,0.32,25
model21259,0,0.98,0.99,0.98,367
model21259,1,0.45,0.19,0.26,27
model21259,2,0.65,0.66,0.66,123
model21259,3,0.21,0.28,0.24,29
model21259,4,0.32,0.32,0.32,25
model21325,0,0.98,0.99,0.98,367
model21325,1,0.43,0.33,0.38,27
model21325,2,0.63,0.72,0.67,123
model21325,3,0.38,0.28,0.32,29
model21325,4,0.11,0.08,0.09,25
model21326,0,0.98,0.99,0.98,367
model21326,1,0.43,0.33,0.38,27
model21326,2,0.61,0.55,0.58,123
model21326,3,0.27,0.45,0.34,29
model21326,4,0.11,0.08,0.09,25
model21327,0,0.98,0.99,0.98,367
model21327,1,0.43,0.33,0.38,27
model21327,2,0.62,0.72,0.67,123
model21327,3,0.35,0.21,0.26,29
model21327,4,0.11,0.08,0.09,25
model21328,0,0.98,0.99,0.98,367
model21328,1,0.43,0.33,0.38,27
model21328,2,0.66,0.5,0.56,123
model21328,3,0.24,0.55,0.33,29
model21328,4,0.11,0.08,0.09,25
model21329,0,0.98,0.99,0.98,367
model21329,1,0.43,0.33,0.38,27
model21329,2,0.63,0.63,0.63,123
model21329,3,0.22,0.28,0.25,29
model21329,4,0.11,0.08,0.09,25
model21335,0,0.98,0.99,0.98,367
model21335,1,0.43,0.33,0.38,27
model21335,2,0.65,0.72,0.68,123
model21335,3,0.29,0.24,0.26,29
model21335,4,0.41,0.28,0.33,25
model21336,0,0.98,0.99,0.98,367
model21336,1,0.43,0.33,0.38,27
model21336,2,0.63,0.58,0.6,123
model21336,3,0.24,0.41,0.31,29
model21336,4,0.41,0.28,0.33,25
model21337,0,0.98,0.99,0.98,367
model21337,1,0.43,0.33,0.38,27
model21337,2,0.64,0.76,0.69,123
model21337,3,0.31,0.17,0.22,29
model21337,4,0.41,0.28,0.33,25
model21338,0,0.98,0.99,0.98,367
model21338,1,0.43,0.33,0.38,27
model21338,2,0.67,0.52,0.59,123
model21338,3,0.24,0.55,0.34,29
model21338,4,0.41,0.28,0.33,25
model21339,0,0.98,0.99,0.98,367
model21339,1,0.43,0.33,0.38,27
model21339,2,0.65,0.67,0.66,123
model21339,3,0.23,0.28,0.25,29
model21339,4,0.41,0.28,0.33,25
model21345,0,0.98,0.99,0.98,367
model21345,1,0.43,0.33,0.38,27
model21345,2,0.64,0.68,0.66,123
model21345,3,0.32,0.24,0.27,29
model21345,4,0.25,0.24,0.24,25
model21346,0,0.98,0.99,0.98,367
model21346,1,0.43,0.33,0.38,27
model21346,2,0.62,0.55,0.58,123
model21346,3,0.27,0.41,0.33,29
model21346,4,0.25,0.24,0.24,25
model21347,0,0.98,0.99,0.98,367
model21347,1,0.43,0.33,0.38,27
model21347,2,0.63,0.72,0.67,123
model21347,3,0.33,0.17,0.23,29
model21347,4,0.25,0.24,0.24,25
model21348,0,0.98,0.99,0.98,367
model21348,1,0.43,0.33,0.38,27
model21348,2,0.67,0.49,0.56,123
model21348,3,0.25,0.55,0.34,29
model21348,4,0.25,0.24,0.24,25
model21349,0,0.98,0.99,0.98,367
model21349,1,0.43,0.33,0.38,27
model21349,2,0.64,0.63,0.63,123
model21349,3,0.24,0.28,0.25,29
model21349,4,0.25,0.24,0.24,25
model21355,0,0.98,0.99,0.98,367
model21355,1,0.43,0.33,0.38,27
model21355,2,0.66,0.72,0.69,123
model21355,3,0.3,0.24,0.27,29
model21355,4,0.36,0.32,0.34,25
model21356,0,0.98,0.99,0.98,367
model21356,1,0.43,0.33,0.38,27
model21356,2,0.65,0.59,0.62,123
model21356,3,0.27,0.41,0.32,29
model21356,4,0.36,0.32,0.34,25
model21357,0,0.98,0.99,0.98,367
model21357,1,0.43,0.33,0.38,27
model21357,2,0.65,0.74,0.69,123
model21357,3,0.31,0.17,0.22,29
model21357,4,0.36,0.32,0.34,25
model21358,0,0.98,0.99,0.98,367
model21358,1,0.43,0.33,0.38,27
model21358,2,0.69,0.51,0.59,123
model21358,3,0.25,0.55,0.34,29
model21358,4,0.36,0.32,0.34,25
model21359,0,0.98,0.99,0.98,367
model21359,1,0.43,0.33,0.38,27
model21359,2,0.66,0.64,0.65,123
model21359,3,0.22,0.28,0.24,29
model21359,4,0.36,0.32,0.34,25
model21425,0,0.98,0.99,0.98,367
model21425,1,0.35,0.26,0.3,27
model21425,2,0.62,0.72,0.66,123
model21425,3,0.38,0.28,0.32,29
model21425,4,0.13,0.08,0.1,25
model21426,0,0.98,0.99,0.98,367
model21426,1,0.35,0.26,0.3,27
model21426,2,0.59,0.55,0.57,123
model21426,3,0.27,0.45,0.34,29
model21426,4,0.13,0.08,0.1,25
model21427,0,0.98,0.99,0.98,367
model21427,1,0.35,0.26,0.3,27
model21427,2,0.61,0.72,0.66,123
model21427,3,0.35,0.21,0.26,29
model21427,4,0.13,0.08,0.1,25
model21428,0,0.98,0.99,0.98,367
model21428,1,0.35,0.26,0.3,27
model21428,2,0.64,0.51,0.57,123
model21428,3,0.25,0.55,0.34,29
model21428,4,0.13,0.08,0.1,25
model21429,0,0.98,0.99,0.98,367
model21429,1,0.35,0.26,0.3,27
model21429,2,0.61,0.64,0.63,123
model21429,3,0.23,0.28,0.25,29
model21429,4,0.13,0.08,0.1,25
model21435,0,0.98,0.99,0.98,367
model21435,1,0.35,0.26,0.3,27
model21435,2,0.64,0.72,0.68,123
model21435,3,0.3,0.24,0.27,29
model21435,4,0.41,0.28,0.33,25
model21436,0,0.98,0.99,0.98,367
model21436,1,0.35,0.26,0.3,27
model21436,2,0.62,0.57,0.59,123
model21436,3,0.24,0.41,0.31,29
model21436,4,0.41,0.28,0.33,25
model21437,0,0.98,0.99,0.98,367
model21437,1,0.35,0.26,0.3,27
model21437,2,0.63,0.75,0.68,123
model21437,3,0.31,0.17,0.22,29
model21437,4,0.41,0.28,0.33,25
model21438,0,0.98,0.99,0.98,367
model21438,1,0.35,0.26,0.3,27
model21438,2,0.66,0.52,0.58,123
model21438,3,0.25,0.55,0.34,29
model21438,4,0.41,0.28,0.33,25
model21439,0,0.98,0.99,0.98,367
model21439,1,0.35,0.26,0.3,27
model21439,2,0.64,0.66,0.65,123
model21439,3,0.23,0.28,0.25,29
model21439,4,0.41,0.28,0.33,25
model21445,0,0.98,0.99,0.98,367
model21445,1,0.35,0.26,0.3,27
model21445,2,0.61,0.67,0.64,123
model21445,3,0.33,0.24,0.28,29
model21445,4,0.26,0.24,0.25,25
model21446,0,0.98,0.99,0.98,367
model21446,1,0.35,0.26,0.3,27
model21446,2,0.59,0.54,0.56,123
model21446,3,0.27,0.41,0.33,29
model21446,4,0.26,0.24,0.25,25
model21447,0,0.98,0.99,0.98,367
model21447,1,0.35,0.26,0.3,27
model21447,2,0.61,0.7,0.65,123
model21447,3,0.33,0.17,0.23,29
model21447,4,0.26,0.24,0.25,25
model21448,0,0.98,0.99,0.98,367
model21448,1,0.35,0.26,0.3,27
model21448,2,0.63,0.48,0.55,123
model21448,3,0.25,0.55,0.35,29
model21448,4,0.26,0.24,0.25,25
model21449,0,0.98,0.99,0.98,367
model21449,1,0.35,0.26,0.3,27
model21449,2,0.62,0.62,0.62,123
model21449,3,0.24,0.28,0.26,29
model21449,4,0.26,0.24,0.25,25
model21455,0,0.98,0.99,0.98,367
model21455,1,0.35,0.26,0.3,27
model21455,2,0.64,0.7,0.67,123
model21455,3,0.32,0.24,0.27,29
model21455,4,0.35,0.32,0.33,25
model21456,0,0.98,0.99,0.98,367
model21456,1,0.35,0.26,0.3,27
model21456,2,0.62,0.56,0.59,123
model21456,3,0.27,0.41,0.32,29
model21456,4,0.35,0.32,0.33,25
model21457,0,0.98,0.99,0.98,367
model21457,1,0.35,0.26,0.3,27
model21457,2,0.63,0.72,0.67,123
model21457,3,0.31,0.17,0.22,29
model21457,4,0.35,0.32,0.33,25
model21458,0,0.98,0.99,0.98,367
model21458,1,0.35,0.26,0.3,27
model21458,2,0.67,0.5,0.57,123
model21458,3,0.25,0.55,0.35,29
model21458,4,0.35,0.32,0.33,25
model21459,0,0.98,0.99,0.98,367
model21459,1,0.35,0.26,0.3,27
model21459,2,0.64,0.63,0.63,123
model21459,3,0.22,0.28,0.25,29
model21459,4,0.35,0.32,0.33,25
